Airport_A,Airport_B
05A,FAI
06A,A43
09A,A43
09A,A50
1G4,BLD
1G4,DQS
1TX,PHX
6FL,TPA
6GA,MQY
7AK,ANC
7AK,DUT
7AK,KQA
7AK,SNP
81W,DHB
81W,FBS
81W,KEH
81W,LKE
81W,RCE
81W,RSJ
81W,WSX
A01,FAI
A03,A43
A17,A43
A18,FAI
A1K,SCC
A20,ANC
A20,UUK
A27,FAI
A29,A43
A43,A50
A43,ALZ
A43,AOS
A43,DGB
A43,KKB
A43,KMY
A43,KOY
A43,KOZ
A43,KPR
A43,KPY
A43,KWP
A43,KZB
A43,ONN
A43,SYB
A43,UGI
AAF,EKY
AAF,PDK
ABE,AFW
ABE,ATL
ABE,BNA
ABE,BOS
ABE,BWI
ABE,CLT
ABE,CVG
ABE,DEN
ABE,FLL
ABE,GRR
ABE,GSO
ABE,HPN
ABE,ILN
ABE,IND
ABE,LAL
ABE,LCK
ABE,LGA
ABE,MCO
ABE,MEM
ABE,MLB
ABE,MYR
ABE,OAJ
ABE,ORD
ABE,PGD
ABE,PIE
ABE,RFD
ABE,RSW
ABE,SBN
ABE,SFB
ABE,SRQ
ABE,UBF
ABI,ACT
ABI,AEX
ABI,BFL
ABI,DEN
ABI,DFW
ABI,HRL
ABI,IAH
ABI,LBB
ABI,PHX
ABI,SAT
ABL,AIN
ABL,BTT
ABL,DCK
ABL,FAI
ABL,FYU
ABL,OBU
ABL,ORV
ABL,OTZ
ABL,SHG
ABL,WLK
ABQ,AFW
ABQ,ATL
ABQ,AUS
ABQ,AXX
ABQ,BNA
ABQ,BUR
ABQ,BWI
ABQ,CNM
ABQ,CVG
ABQ,DAL
ABQ,DCA
ABQ,DEN
ABQ,DFW
ABQ,DRO
ABQ,ELP
ABQ,FMN
ABQ,HOU
ABQ,HRL
ABQ,IAD
ABQ,IAH
ABQ,IFP
ABQ,JFK
ABQ,LAS
ABQ,LAX
ABQ,LBB
ABQ,LRU
ABQ,MAF
ABQ,MCO
ABQ,MDW
ABQ,MEM
ABQ,MSP
ABQ,OAK
ABQ,OKC
ABQ,ONT
ABQ,ORD
ABQ,PDX
ABQ,PHX
ABQ,SAN
ABQ,SAT
ABQ,SDF
ABQ,SEA
ABQ,SFO
ABQ,SLC
ABQ,SNA
ABQ,SVC
ABQ,TSM
ABQ,TUS
ABR,COS
ABR,FSD
ABR,MSP
ABR,RST
ABY,ATL
ABY,JAX
ABY,MGM
ABY,MSY
ABY,PNS
ABY,SDF
ACK,ALB
ACK,BBX
ACK,BED
ACK,BHB
ACK,BOS
ACK,BVY
ACK,CLT
ACK,DCA
ACK,DXR
ACK,ERI
ACK,EWB
ACK,EWR
ACK,FDK
ACK,FID
ACK,FOK
ACK,FRG
ACK,GON
ACK,HPN
ACK,HTO
ACK,HYA
ACK,JFK
ACK,LCI
ACK,LEB
ACK,LGA
ACK,LWM
ACK,MHT
ACK,MMU
ACK,MVL
ACK,MVY
ACK,NPT
ACK,OIC
ACK,OPF
ACK,ORD
ACK,OWD
ACK,PCT
ACK,PHL
ACK,PVD
ACK,SFM
ACK,TEB
ACK,VWK
ACT,DFW
ACV,BUR
ACV,CEC
ACV,DEN
ACV,GJT
ACV,LAS
ACV,LAX
ACV,SEA
ACV,SFO
ACV,SMF
ACV,UKI
ACY,AGS
ACY,ATL
ACY,AVL
ACY,BDL
ACY,BED
ACY,BNA
ACY,BOS
ACY,BUF
ACY,CAE
ACY,CAK
ACY,CHA
ACY,CHS
ACY,CLE
ACY,CLT
ACY,DAY
ACY,DTW
ACY,FLL
ACY,FNT
ACY,FRG
ACY,GPT
ACY,GRR
ACY,GSO
ACY,GSP
ACY,HPN
ACY,HTO
ACY,IND
ACY,LAN
ACY,MCO
ACY,MEM
ACY,MSY
ACY,MYR
ACY,OAJ
ACY,ORF
ACY,PBI
ACY,PIE
ACY,PIT
ACY,PSM
ACY,RDU
ACY,RFD
ACY,RIC
ACY,RSW
ACY,SAV
ACY,SFB
ACY,SPI
ACY,TOL
ACY,TPA
ACY,TYS
ADK,AKB
ADK,ANC
ADQ,AKK
ADQ,ANC
ADQ,DGB
ADQ,DLG
ADQ,ILI
ADQ,KLN
ADQ,KOZ
ADQ,KYK
ADQ,NNK
ADQ,OLH
ADQ,ORI
ADQ,TEK
ADS,CHS
ADS,GNV
ADW,AEX
ADW,USA
AET,AKP
AET,BTT
AET,CXF
AET,FAI
AET,HUS
AET,KAL
AET,SHG
ABQ,AEX
AEX,AFW
AEX,ANC
AEX,ATL
AEX,AZA
AEX,BDL
AEX,BED
AEX,BFI
AEX,BHM
AEX,BIL
AEX,BWI
AEX,CAK
AEX,CSG
AEX,DAL
AEX,DEN
AEX,DFW
AEX,ELP
AEX,EWR
AEX,GAD
AEX,GRK
AEX,GSP
AEX,GYY
AEX,HRL
AEX,IAH
AEX,JAX
AEX,LCQ
AEX,LIT
AEX,LSF
AEX,MCI
AEX,MCO
AEX,MIA
AEX,MKE
AEX,MLU
AEX,MSP
AEX,N1C
AEX,OMA
AEX,OPF
AEX,ORF
AEX,PGD
AEX,PIT
AEX,RIC
AEX,SCE
AEX,SEA
AEX,SJU
AEX,TCL
AEX,TNT
AEX,TTN
AEX,USA
AEX,VCV
AEX,YIP
AEX,YNG
AFW,AMA
AFW,AUS
AFW,BNA
AFW,BWI
AFW,CLE
AFW,CVG
AFW,DEN
AFW,DRT
AFW,GSO
AFW,HNL
AFW,IAH
AFW,ILN
AFW,JFK
AFW,LAL
AFW,LAS
AFW,LAX
AFW,LBB
AFW,LRD
AFW,MAF
AFW,MEM
AFW,MIA
AFW,MSP
AFW,OAK
AFW,ONT
AFW,ORD
AFW,PAE
AFW,PDX
AFW,RDU
AFW,RIC
AFW,SAT
AFW,SEA
AFW,SFO
AFW,SMF
AFW,STL
AFW,TOL
AFW,YIP
AGC,GED
AGN,JNU
AGN,TKE
ABY,AGS
AGS,ATL
AGS,CLT
AGS,DCA
AGS,DFW
AGS,ECP
AGS,GPT
AGS,GSP
AGS,MCN
AGS,OKC
AGS,SAV
AGS,SFB
AGS,SHV
AGS,TMB
AHN,HYA
AHN,MSP
AHN,OMA
AIA,DEN
AIN,ANC
AIN,ATK
AIN,BRW
AIN,BTT
AIN,NUI
AIN,OBU
AIN,PIZ
AKB,DUT
AKI,ANI
AKI,BET
AKI,EEK
AKI,KKI
AKI,KWT
AKI,TLT
AKI,WNA
AKK,ORI
ADQ,AKN
AKN,ANC
AKN,BET
AKN,CDB
AKN,DLG
AKN,DUT
AKN,EGX
AKN,ENA
AKN,HPB
AKN,IGG
AKN,ILI
AKN,KCG
AKN,KCL
AKN,KCQ
AKN,KLL
AKN,KPV
AKN,KWN
AKN,LKK
AKN,PIP
AKN,PTH
AKN,RBH
AKN,SDP
AKN,SNP
AKN,UGS
AKN,WSN
AKP,ANC
AKP,BRW
AKP,BTT
AKP,CXF
AKP,FAI
ALB,ATL
ALB,BLM
ALB,BNA
ALB,BWI
ALB,CHS
ALB,CLE
ALB,CLT
ALB,COS
ALB,DCA
ALB,DEN
ALB,DFW
ALB,DTW
ALB,FLL
ALB,HPN
ALB,IAD
ALB,ITH
ALB,LGA
ALB,MCO
ALB,MDT
ALB,MDW
ALB,MEM
ALB,MHT
ALB,MYR
ALB,ORD
ALB,OWD
ALB,PGD
ALB,PHL
ALB,PIE
ALB,PVD
ALB,RDU
ALB,RST
ALB,RSW
ALB,SDF
ALB,SFB
ALB,SLC
ALB,SRQ
ALB,SYR
ALB,TPA
ALB,USA
ALO,DCA
ALO,IFP
ALO,MKE
ALO,MSP
ALO,ORD
ALO,RFD
ALO,SHD
ALS,DEN
ALW,BFI
ALW,SEA
ALZ,KMY
AMA,AUS
AMA,DAL
AMA,DEN
AMA,DFW
AMA,IAH
AMA,LAS
AMA,SAF
AMA,SHV
AMA,SLC
AFW,ANC
ANC,ANI
ANC,ANV
ANC,ATL
ANC,BET
ANC,BOI
ANC,BOS
ANC,BRW
ANC,CDB
ANC,CDV
ANC,CHS
ANC,CKD
ANC,CVG
ANC,DCK
ANC,DEN
ANC,DFW
ANC,DLG
ANC,DTW
ANC,DUT
ANC,EMK
ANC,ENA
ANC,EWR
ANC,FAI
ANC,FLT
ANC,FVQ
ANC,FWL
ANC,GAL
ANC,GBH
ANC,GEG
ANC,GEK
ANC,GLV
ANC,GUM
ANC,HNL
ANC,HOM
ANC,HSV
ANC,IAD
ANC,IAH
ANC,ILI
ANC,ILN
ANC,IND
ANC,JFK
ANC,JNU
ANC,KPN
ANC,KSM
ANC,KTN
ANC,LAS
ANC,LAX
ANC,LKK
ANC,MCO
ANC,MEM
ANC,MIA
ANC,MRI
ANC,MSP
ANC,NLG
ANC,NUL
ANC,OAK
ANC,OME
ANC,ONT
ANC,ORD
ANC,OTZ
ANC,PDX
ANC,PHO
ANC,PHX
ANC,PSG
ANC,RDB
ANC,RFD
ANC,RSW
ANC,SAN
ANC,SAT
ANC,SCC
ANC,SDF
ANC,SDP
ANC,SEA
ANC,SFO
ANC,SIT
ANC,SLC
ANC,SMF
ANC,SMK
ANC,SNP
ANC,SVW
ANC,SXQ
ANC,TEK
ANC,TKJ
ANC,TOG
ANC,UNK
ANC,UUK
ANC,VZY
ANC,WBB
ANC,WRG
ANC,YAK
ANC,ZNC
ANC,ZXF
ANI,ANV
ANI,BET
ANI,CHU
ANI,CKD
ANI,HCR
ANI,KGX
ANI,KLG
ANI,KSM
ANI,RDV
ANI,RSH
ANI,SHX
ANI,SLQ
ANI,SRV
ANI,TLT
ANI,VAK
ANI,ZNC
ANV,BET
ANV,HCR
ANV,KGX
ANV,KLG
ANV,MCG
ANV,SHX
ANV,UNK
AOO,BKW
AOO,BWI
AOO,CLT
AOO,GSP
AOO,IAD
AOO,MQY
AOO,PBG
AOO,PKB
AOS,KWP
AOS,KZB
APA,DAL
APA,LAS
APA,MKC
APA,MQY
APA,ROG
APA,SCF
APA,TEB
APC,BUR
APC,SMO
APC,SNA
APF,FDK
APF,FLL
APF,HPN
APF,JZI
APF,MCO
APN,DTW
APN,FNT
ARC,BTI
ARC,FAI
ARC,FYU
ARC,SCC
ARC,VEE
ARC,WBQ
ART,MDT
ART,PHL
ART,PLN
ART,SYR
ASE,ATL
ASE,AUS
ASE,COS
ASE,DEN
ASE,DFW
ASE,DSM
ASE,EGE
ASE,FSD
ASE,GJT
ASE,IAH
ASE,ICT
ASE,LAX
ASE,LNK
ASE,OKC
ASE,ORD
ASE,SAF
ASE,SBN
ASE,SFO
ASE,SGU
ASE,TEB
ASH,AVP
ATK,BRW
ATK,NUI
ATK,SCC
AFW,ATL
ATL,ATW
ATL,AUS
ATL,AVL
ATL,BDL
ATL,BED
ATL,BGR
ATL,BHM
ATL,BMI
ATL,BNA
ATL,BOI
ATL,BOS
ATL,BQK
ATL,BTR
ATL,BTV
ATL,BUF
ATL,BUR
ATL,BWI
ATL,BZN
ATL,CAE
ATL,CHA
ATL,CHO
ATL,CHS
ATL,CID
ATL,CLE
ATL,CLT
ATL,CMH
ATL,COS
ATL,CRW
ATL,CSG
ATL,CVG
ATL,DAB
ATL,DAL
ATL,DAY
ATL,DCA
ATL,DEN
ATL,DFW
ATL,DHN
ATL,DSM
ATL,DTW
ATL,ECP
ATL,ELP
ATL,EVV
ATL,EWR
ATL,EYW
ATL,FAR
ATL,FAY
ATL,FLL
ATL,FSD
ATL,FWA
ATL,GEG
ATL,GJT
ATL,GLH
ATL,GNV
ATL,GPT
ATL,GRB
ATL,GRK
ATL,GRR
ATL,GSO
ATL,GSP
ATL,GTR
ATL,HHH
ATL,HNL
ATL,HOU
ATL,HPN
ATL,HRL
ATL,HSV
ATL,HVN
ATL,IAD
ATL,IAH
ATL,ICT
ATL,ILM
ATL,IND
ATL,JAC
ATL,JAN
ATL,JAX
ATL,JFK
ATL,LAL
ATL,LAS
ATL,LAX
ATL,LEX
ATL,LFT
ATL,LGA
ATL,LIT
ATL,MCI
ATL,MCN
ATL,MCO
ATL,MDT
ATL,MDW
ATL,MEM
ATL,MGM
ATL,MIA
ATL,MKC
ATL,MKE
ATL,MKL
ATL,MLB
ATL,MLI
ATL,MLU
ATL,MOB
ATL,MSN
ATL,MSP
ATL,MSY
ATL,MYR
ATL,OAJ
ATL,OKC
ATL,OMA
ATL,ONT
ATL,ORD
ATL,ORF
ATL,PBI
ATL,PDX
ATL,PHL
ATL,PHX
ATL,PIE
ATL,PIT
ATL,PNS
ATL,PVD
ATL,PWM
ATL,RAP
ATL,RDU
ATL,RFD
ATL,RIC
ATL,RNO
ATL,ROA
ATL,ROC
ATL,RST
ATL,RSW
ATL,SAN
ATL,SAT
ATL,SAV
ATL,SBN
ATL,SDF
ATL,SEA
ATL,SFO
ATL,SGF
ATL,SHV
ATL,SJC
ATL,SJU
ATL,SLC
ATL,SMF
ATL,SNA
ATL,SRQ
ATL,STL
ATL,STT
ATL,STX
ATL,SWF
ATL,SYR
ATL,TLH
ATL,TPA
ATL,TRI
ATL,TUL
ATL,TUS
ATL,TVC
ATL,TYS
ATL,VLD
ATL,VPS
ATL,XNA
ATL,YNG
ANI,ATT
ATT,BET
ATT,EMK
ATT,KKH
ATT,KKI
ATT,KPN
ATT,KSM
ATT,KUK
ATT,NUP
ATT,PKA
ATT,WTL
AMA,ATW
ATW,AZA
ATW,BNA
ATW,CID
ATW,CLT
ATW,CWA
ATW,DEN
ATW,DFW
ATW,DTW
ATW,EWR
ATW,FLL
ATW,FSD
ATW,GUF
ATW,IAD
ATW,IND
ATW,LAS
ATW,LNK
ATW,MCO
ATW,MEM
ATW,MQT
ATW,MSN
ATW,MSP
ATW,ORD
ATW,PDX
ATW,PGD
ATW,PIE
ATW,RNO
ATW,SAV
ATW,SFB
ATW,SNA
ATY,BFF
ATY,DEN
ATY,MSP
AUG,BOS
AUK,BET
AUK,EMK
AUK,HPB
AUK,KOT
AUK,KSM
AUK,MLL
AUK,MOU
AUK,PQS
AUK,RSH
AUK,SCM
AUK,SXP
AUK,UNK
AUO,GMU
AUO,IAD
AUO,PBI
AUO,SSI
AUS,AVL
AUS,BDL
AUS,BHM
AUS,BNA
AUS,BOS
AUS,BUR
AUS,BWD
AUS,BWI
AUS,BZN
AUS,CHS
AUS,CLT
AUS,CMH
AUS,CVG
AUS,CXO
AUS,DAL
AUS,DCA
AUS,DEN
AUS,DFW
AUS,DSM
AUS,DTW
AUS,ECP
AUS,ELP
AUS,EUG
AUS,EWR
AUS,FCA
AUS,FLL
AUS,FSD
AUS,GJT
AUS,GRR
AUS,HOU
AUS,HRL
AUS,IAD
AUS,IAH
AUS,ILN
AUS,IND
AUS,JAX
AUS,JFK
AUS,LAL
AUS,LAS
AUS,LAX
AUS,LBB
AUS,LFT
AUS,LGB
AUS,MAF
AUS,MCI
AUS,MCO
AUS,MDW
AUS,MEM
AUS,MFE
AUS,MIA
AUS,MKE
AUS,MLB
AUS,MSN
AUS,MSP
AUS,MSY
AUS,OAK
AUS,OKC
AUS,OMA
AUS,ONT
AUS,ORD
AUS,PDX
AUS,PHL
AUS,PHX
AUS,PIT
AUS,PNS
AUS,PVU
AUS,RDU
AUS,RNO
AUS,SAN
AUS,SAT
AUS,SBD
AUS,SDF
AUS,SEA
AUS,SFB
AUS,SFO
AUS,SJC
AUS,SJT
AUS,SJU
AUS,SLC
AUS,SMF
AUS,SNA
AUS,SRQ
AUS,STL
AUS,T4X
AUS,TPA
AUS,TUL
AUS,TYS
AVL,AVP
AVL,BOS
AVL,CHS
AVL,CLT
AVL,DCA
AVL,DEN
AVL,DFW
AVL,DTW
AVL,EWR
AVL,EYW
AVL,FLL
AVL,HOU
AVL,IAD
AVL,IND
AVL,LAS
AVL,LGA
AVL,MCO
AVL,MDW
AVL,MIA
AVL,MKE
AVL,MMU
AVL,MQY
AVL,MSP
AVL,MSY
AVL,N2C
AVL,OKC
AVL,ORD
AVL,ORL
AVL,PBI
AVL,PGD
AVL,PHL
AVL,PIE
AVL,PVD
AVL,RDU
AVL,SFB
AVL,SRQ
AVL,STL
AVL,TN8
AVL,VPS
AVP,CLT
AVP,EWR
AVP,IAD
AVP,ITH
AVP,MCO
AVP,MYR
AVP,ORD
AVP,TEB
AVP,TPA
AZ7,GCN
ABI,AZA
AZ9,AZA
AZA,BFI
AZA,BFL
AZA,BIL
AZA,BIS
AZA,BLI
AZA,BZN
AZA,CID
AZA,CVG
AZA,CXO
AZA,DEN
AZA,DSM
AZA,ELP
AZA,EUG
AZA,FAR
AZA,FCA
AZA,FNT
AZA,FSD
AZA,FWA
AZA,GEG
AZA,GRI
AZA,GRK
AZA,GRR
AZA,GTF
AZA,HRL
AZA,ICT
AZA,IDA
AZA,IFP
AZA,LSE
AZA,MCI
AZA,MLI
AZA,MOT
AZA,MSO
AZA,MSY
AZA,NKX
AZA,OMA
AZA,OPF
AZA,PDX
AZA,PIA
AZA,PSC
AZA,PVU
AZA,RAP
AZA,RFD
AZA,SBN
AZA,SGF
AZA,SGU
AZA,SLC
AZA,SNA
AZA,STC
AZA,TVC
AZA,VCV
AZA,YKM
AZO,DTW
AZO,MEM
AZO,ORD
AZO,ROC
BAF,BHB
BBX,BED
BBX,FOK
BBX,GFL
BBX,GON
BBX,HPN
BBX,HVN
BBX,HYA
BBX,LCI
BBX,OXC
ASE,BCT
AVL,BCT
BCT,CLT
BCT,FLL
BCT,FOK
BCT,FRG
BCT,MQY
BCT,OCF
BCT,PIE
BDL,BNA
BDL,BOS
BDL,BWI
BDL,CHS
BDL,CLE
BDL,CLT
BDL,CMH
BDL,CVG
BDL,DAL
BDL,DCA
BDL,DEN
BDL,DFW
BDL,DTW
BDL,EWN
BDL,FLL
BDL,GSO
BDL,GSP
BDL,HPN
BDL,IAD
BDL,IAH
BDL,ICT
BDL,ILM
BDL,ILN
BDL,JAX
BDL,JFK
BDL,LAL
BDL,LAS
BDL,LGA
BDL,MCO
BDL,MDW
BDL,MEM
BDL,MIA
BDL,MSN
BDL,MSP
BDL,MVY
BDL,MYR
BDL,ORD
BDL,ORF
BDL,PBI
BDL,PHL
BDL,PIT
BDL,PVD
BDL,RDU
BDL,RFD
BDL,RIC
BDL,RSW
BDL,SAV
BDL,SDF
BDL,SJU
BDL,SRQ
BDL,TPA
BDL,VRB
BDR,HYA
BDR,ITH
BDR,LCI
BDY,PAE
BCT,BED
BED,BLM
BED,BWI
BED,CDW
BED,CLT
BED,DFW
BED,EWR
BED,FID
BED,FLL
BED,FOK
BED,FRG
BED,GSO
BED,HPN
BED,HTO
BED,ILG
BED,IND
BED,INT
BED,ITH
BED,LWB
BED,MDT
BED,MIA
BED,MKC
BED,MTP
BED,MVY
BED,N1Y
BED,OXC
BED,PHL
BED,RME
BED,TEB
BED,TTN
BED,TYS
BED,UGN
BET,CKD
BET,CYF
BET,DLG
BET,EDF
BET,EEK
BET,EMK
BET,GNU
BET,HCR
BET,HPB
BET,KGX
BET,KKH
BET,KKI
BET,KLG
BET,KOT
BET,KPN
BET,KSM
BET,KUK
BET,KWK
BET,KWN
BET,KWT
BET,MCG
BET,MLL
BET,MOU
BET,MYU
BET,NME
BET,NUP
BET,OOK
BET,PKA
BET,PQS
BET,PTU
BET,RDV
BET,RSH
BET,SCM
BET,SDP
BET,SHX
BET,SLQ
BET,SNP
BET,SRV
BET,STG
BET,SXP
BET,TCT
BET,TLT
BET,TNK
BET,VAK
BET,WNA
BET,WTL
BET,WWT
BET,ZNC
BFD,IAD
BFD,PIT
BFF,CPR
BFF,DEN
BFF,HDN
ANC,BFI
BDY,BFI
BFI,CLM
BFI,COE
BFI,DEN
BFI,DTW
BFI,ELP
BFI,ESD
BFI,FRD
BFI,KLW
BFI,LAX
BFI,LPS
BFI,LRD
BFI,MDW
BFI,MSP
BFI,MWH
BFI,OAK
BFI,ODW
BFI,ONT
BFI,OPF
BFI,OR4
BFI,PAE
BFI,PDX
BFI,PIT
BFI,RCE
BFI,RDM
BFI,RFD
BFI,RNO
BFI,RNT
BFI,SAN
BFI,SBA
BFI,SDF
BFI,SEA
BFI,SFF
BFI,SGU
BFI,SJC
BFI,SLC
BFI,SUO
BFI,UGN
BFI,VWE
ANC,BFK
BFK,JFK
BFK,ORD
BFL,DEN
BFL,DFW
BFL,ELP
BFL,GJT
BFL,GRK
BFL,NKX
BFL,ONT
BFL,PHX
BFL,SFO
BFM,LFT
BFM,MEM
BFT,SUA
BGM,DTW
BGM,ORH
BGR,BIF
BGR,CLT
BGR,CMH
BGR,COS
BGR,DCA
BGR,DEN
BGR,DTW
BGR,EWR
BGR,GSP
BGR,JFK
BGR,LGA
BGR,NTU
BGR,ORD
BGR,PHL
BGR,PIE
BGR,PQI
BGR,PWM
BGR,RDU
BGR,SDF
BGR,SFB
BGR,SYR
BGR,TPA
BHB,BOS
BHB,HPN
BHB,MVY
BHB,TCL
BHB,TEB
BHM,BNA
BHM,BWI
BHM,CLL
BHM,CLT
BHM,DAL
BHM,DAY
BHM,DCA
BHM,DEN
BHM,DFW
BHM,DTW
BHM,HOU
BHM,HSV
BHM,IAD
BHM,IAH
BHM,IFP
BHM,LAS
BHM,LGA
BHM,MCO
BHM,MDT
BHM,MDW
BHM,MEM
BHM,MIA
BHM,MOB
BHM,MSP
BHM,MSY
BHM,ORD
BHM,PHL
BHM,PHX
BHM,PNS
BHM,SDF
BHM,SHV
BHM,SPS
BHM,SWO
BHM,TPA
BID,LEB
BID,LGA
BID,PCT
BID,WST
BIH,HHR
BIH,IYK
BIH,SFO
ABI,BIL
BIL,CID
BIL,COD
BIL,DEN
BIL,DFW
BIL,FLL
BIL,GDV
BIL,GEG
BIL,GGW
BIL,GJT
BIL,GTF
BIL,GYY
BIL,HVR
BIL,IFP
BIL,LAS
BIL,MCI
BIL,MOT
BIL,MSO
BIL,MSP
BIL,OLF
BIL,ORD
BIL,PDX
BIL,RNO
BIL,SDF
BIL,SDY
BIL,SEA
BIL,SLC
ABI,BIS
BIS,DEN
BIS,DFW
BIS,DIK
BIS,FAR
BIS,IFP
BIS,LAS
BIS,MKE
BIS,MOT
BIS,MSP
BIS,OMA
BIS,ORD
BIS,RAP
BJI,DLH
BJI,FAR
BJI,MSP
BKC,DRG
BKC,OME
BKC,OTZ
BKC,RDB
BKC,UNK
BKC,WLK
BFI,BKL
BKL,BKW
BKL,MSN
BKW,CLT
BKW,HTS
BKW,MYR
BKW,PKB
BLD,DQS
BLD,GCN
BLD,PGA
BFI,BLI
BLI,BUR
BLI,ESD
BLI,LAS
BLI,PAE
BLI,PDX
BLI,RNO
BLI,SEA
ACK,BLM
BLM,BUF
BLM,BVY
BLM,FOK
BLM,HPN
BLM,HTO
BLM,IAD
BLM,LEB
BLM,MA1
BLM,MMU
BLM,NPT
BLM,RST
BLV,FLL
BLV,GUF
BLV,JAX
BLV,LAS
BLV,MYR
BLV,PGD
BLV,PIE
BLV,SAV
BLV,SFB
BLV,SRQ
BLV,STL
BLV,VPS
ACY,BMI
AFW,BMI
ATW,BMI
BMI,CID
BMI,DFW
BMI,ECP
BMI,FLO
BMI,FWA
BMI,LBB
BMI,LCK
BMI,LRD
BMI,MEM
BMI,ORD
BMI,PIE
BMI,SFB
BMI,TYR
BMI,YIP
AVL,BNA
BCT,BNA
BFF,BNA
BGR,BNA
BNA,BOI
BNA,BOS
BNA,BUF
BNA,BUR
BNA,BWI
BNA,BZN
BNA,CAK
BNA,CHA
BNA,CHS
BNA,CID
BNA,CLE
BNA,CLT
BNA,CMH
BNA,COS
BNA,CVG
BNA,DAL
BNA,DCA
BNA,DEN
BNA,DFW
BNA,DSM
BNA,DTW
BNA,ECP
BNA,EVV
BNA,EWR
BNA,FAR
BNA,FLL
BNA,FNT
BNA,FSD
BNA,GRR
BNA,GSO
BNA,GSP
BNA,GUF
BNA,HOU
BNA,HPN
BNA,HSV
BNA,HVN
BNA,IAD
BNA,IAH
BNA,ICT
BNA,ILM
BNA,ILN
BNA,IND
BNA,IRK
BNA,JAN
BNA,JAX
BNA,JBR
BNA,JFK
BNA,LAL
BNA,LAS
BNA,LAX
BNA,LGA
BNA,LGB
BNA,LIT
BNA,LRD
BNA,MCI
BNA,MCO
BNA,MDT
BNA,MDW
BNA,MEM
BNA,MIA
BNA,MKE
BNA,MQY
BNA,MSL
BNA,MSP
BNA,MSY
BNA,MWA
BNA,MYR
BNA,OKC
BNA,OMA
BNA,ONT
BNA,ORD
BNA,ORF
BNA,OXC
BNA,PBI
BNA,PDK
BNA,PDX
BNA,PGD
BNA,PHL
BNA,PHX
BNA,PIE
BNA,PIT
BNA,PNS
BNA,PTK
BNA,PVD
BNA,PVU
BNA,PWM
BNA,QMA
BNA,RDU
BNA,RFD
BNA,RIC
BNA,ROC
BNA,RSW
BNA,SAN
BNA,SAT
BNA,SAV
BNA,SDF
BNA,SEA
BNA,SFB
BNA,SFO
BNA,SHV
BNA,SJC
BNA,SJU
BNA,SLC
BNA,SMF
BNA,SRQ
BNA,STL
BNA,SYR
BNA,TBN
BNA,TN8
BNA,TOL
BNA,TPA
BNA,TUL
BNA,TUP
BNA,TYS
BNA,UIN
BNA,VPS
BNA,XNA
BNA,YIP
ABQ,BOI
AFW,BOI
AUS,BOI
BIL,BOI
BLI,BOI
BOI,BUR
BOI,CPR
BOI,CVG
BOI,DAL
BOI,DEN
BOI,DFW
BOI,FWA
BOI,GEG
BOI,IFP
BOI,LAS
BOI,LAX
BOI,LGB
BOI,MDW
BOI,MHR
BOI,MKE
BOI,MSP
BOI,MSY
BOI,OAK
BOI,OKC
BOI,ONT
BOI,ORD
BOI,PDX
BOI,PHX
BOI,RAP
BOI,SAN
BOI,SDF
BOI,SEA
BOI,SFO
BOI,SJC
BOI,SLC
BOI,SMF
BOI,SNA
BOI,TUS
AFW,BOS
ALB,BOS
BFI,BOS
BLM,BOS
BOS,BUF
BOS,BWI
BOS,BZN
BOS,CHS
BOS,CID
BOS,CLE
BOS,CLT
BOS,CMH
BOS,COS
BOS,CRW
BOS,CVG
BOS,DAB
BOS,DAL
BOS,DCA
BOS,DEN
BOS,DFW
BOS,DSM
BOS,DTW
BOS,EVV
BOS,EWB
BOS,EWR
BOS,FLL
BOS,FOK
BOS,FWA
BOS,GRK
BOS,GRR
BOS,HHH
BOS,HPN
BOS,HTO
BOS,HYA
BOS,IAD
BOS,IAH
BOS,ILM
BOS,IND
BOS,ISP
BOS,JAX
BOS,JFK
BOS,LAS
BOS,LAX
BOS,LEB
BOS,LGA
BOS,LIT
BOS,MCI
BOS,MCO
BOS,MDT
BOS,MDW
BOS,MEM
BOS,MHT
BOS,MIA
BOS,MKE
BOS,MSN
BOS,MSP
BOS,MSS
BOS,MSY
BOS,MVY
BOS,MYR
BOS,N2Y
BOS,OKC
BOS,ORD
BOS,ORF
BOS,PBI
BOS,PDX
BOS,PHL
BOS,PHX
BOS,PIT
BOS,PQI
BOS,PVC
BOS,PVD
BOS,PWM
BOS,RDU
BOS,RFD
BOS,RIC
BOS,RKD
BOS,ROC
BOS,RSW
BOS,RUT
BOS,SAN
BOS,SAT
BOS,SAV
BOS,SDF
BOS,SEA
BOS,SFO
BOS,SJU
BOS,SLC
BOS,SLK
BOS,SRQ
BOS,STL
BOS,STT
BOS,SYR
BOS,TEB
BOS,TLH
BOS,TPA
BOS,TVC
BOS,TYS
BOS,VPS
BOS,VRB
BOS,WST
BPT,BTR
BPT,DFW
BQK,BWI
BQN,EWR
BQN,FLL
BQN,JFK
BQN,LAX
BQN,MCO
BQN,MEM
BQN,PVD
BQN,SJU
BRD,MSP
BNA,BRL
BRL,IRK
BRL,MQY
BRL,MWA
BRL,ORD
BRL,UIN
ABI,BRO
BRO,DFW
BRO,GYY
BRO,IAH
BRO,MCO
BRO,SDF
BRO,YIP
BRW,BTI
BRW,FAI
BRW,NUI
BRW,PHO
BRW,PIZ
BRW,SCC
ABL,BTI
AKP,BTI
BTI,CXF
BTI,FAI
BTI,SCC
BOI,BTM
BTM,DEN
BTM,SLC
ACT,BTR
BTR,CLT
BTR,DCA
BTR,DFW
BTR,IAH
BTR,JAN
BTR,MSY
BTR,TXK
BRW,BTT
BTT,CXF
BTT,DCK
BTT,FAI
BTT,FYU
BTT,HUS
BTT,PPC
BTT,RLU
BTT,SCC
BTV,CHS
BTV,CLT
BTV,DCA
BTV,DEN
BTV,DRO
BTV,DTW
BTV,EWR
BTV,FID
BTV,HPN
BTV,HTO
BTV,IAD
BTV,IAH
BTV,JFK
BTV,LGA
BTV,MCI
BTV,MCO
BTV,MMU
BTV,MSP
BTV,MVY
BTV,OKC
BTV,ORD
BTV,PHL
BTV,RDU
BTV,SYR
BTV,TEB
BTV,TPA
BTV,TRI
AZA,BUF
BUF,BWI
BUF,CLE
BUF,CLT
BUF,DAL
BUF,DCA
BUF,DEN
BUF,DFW
BUF,DTW
BUF,EWR
BUF,FLL
BUF,FNT
BUF,HOU
BUF,HPN
BUF,HYA
BUF,IAD
BUF,IND
BUF,JFK
BUF,LAN
BUF,LAS
BUF,LAX
BUF,LGA
BUF,MCO
BUF,MDW
BUF,MEM
BUF,MHT
BUF,MKE
BUF,MSP
BUF,MSS
BUF,ORD
BUF,PHL
BUF,PHX
BUF,RDU
BUF,RSW
BUF,SDF
BUF,SJU
BUF,SYR
BUF,TPA
BUF,TUL
BUR,CCR
BUR,COS
BUR,DAL
BUR,DEN
BUR,DFW
BUR,DSM
BUR,ELP
BUR,EUG
BUR,GJT
BUR,HNL
BUR,IND
BUR,JFK
BUR,LAS
BUR,MAF
BUR,MDW
BUR,MEM
BUR,MRY
BUR,OAK
BUR,OMA
BUR,PDX
BUR,PHX
BUR,PVU
BUR,RDM
BUR,RFD
BUR,RNO
BUR,SCF
BUR,SDF
BUR,SEA
BUR,SFO
BUR,SJC
BUR,SLC
BUR,SMF
BUR,SNA
BUR,STL
BUR,STS
BVU,MRI
BVU,TYE
BDL,BVY
BVY,ORD
BVY,PNE
BVY,TEB
ACY,BWI
ANC,BWI
BFI,BWI
BWI,CAE
BWI,CHS
BWI,CLE
BWI,CLT
BWI,CMH
BWI,CVG
BWI,DAL
BWI,DCA
BWI,DEN
BWI,DFW
BWI,DTW
BWI,ECP
BWI,ELP
BWI,EWR
BWI,FLL
BWI,FRG
BWI,GPT
BWI,GRR
BWI,GSP
BWI,HOU
BWI,HPN
BWI,HRL
BWI,HTO
BWI,HVN
BWI,IAD
BWI,IAH
BWI,ICT
BWI,ILM
BWI,ILN
BWI,IND
BWI,ISP
BWI,JAX
BWI,JFK
BWI,LAL
BWI,LAS
BWI,LAX
BWI,LGA
BWI,MCI
BWI,MCN
BWI,MCO
BWI,MDW
BWI,MEM
BWI,MHT
BWI,MIA
BWI,MKE
BWI,MLB
BWI,MSP
BWI,MSY
BWI,MYR
BWI,OKC
BWI,OMA
BWI,ONT
BWI,ORD
BWI,ORF
BWI,PBI
BWI,PDX
BWI,PHL
BWI,PHX
BWI,PIT
BWI,PNE
BWI,PNS
BWI,PVD
BWI,PWM
BWI,RDU
BWI,RFD
BWI,RIC
BWI,ROC
BWI,RSW
BWI,SAN
BWI,SAT
BWI,SAV
BWI,SBN
BWI,SDF
BWI,SEA
BWI,SFO
BWI,SJC
BWI,SJU
BWI,SLC
BWI,SMF
BWI,SNA
BWI,SRQ
BWI,STL
BWI,STT
BWI,TOL
BWI,TPA
BWI,TYS
BWI,VPS
BYA,FAI
BYW,FRD
BYW,PAE
BZN,CLT
BZN,COS
BZN,DAL
BZN,DEN
BZN,DFW
BZN,DTW
BZN,EWR
BZN,GEG
BZN,GTF
BZN,IAD
BZN,IAH
BZN,JFK
BZN,LAS
BZN,LAX
BZN,LGA
BZN,LGB
BZN,MDW
BZN,MSP
BZN,ORD
BZN,PDX
BZN,PHX
BZN,SAN
BZN,SEA
BZN,SFO
BZN,SLC
C01,HHR
ABY,CAE
ACT,CAE
CAE,CLT
CAE,DCA
CAE,DFW
CAE,EWR
CAE,FAY
CAE,GSO
CAE,GSP
CAE,IAD
CAE,JFK
CAE,LGA
CAE,MDT
CAE,MEM
CAE,MIA
CAE,MSP
CAE,MYR
CAE,ORD
CAE,PHL
CAE,ROA
CAE,SAV
CAE,SBN
CAE,SDF
CAE,TYS
BED,CAK
BWI,CAK
CAK,CHS
CAK,CLT
CAK,CMH
CAK,CMX
CAK,DCA
CAK,EWR
CAK,FAY
CAK,FLL
CAK,GPT
CAK,ILM
CAK,IND
CAK,JAX
CAK,LAS
CAK,MCO
CAK,MYR
CAK,OPF
CAK,ORD
CAK,ORF
CAK,PBI
CAK,PGD
CAK,PIE
CAK,RDU
CAK,RIC
CAK,RSW
CAK,SAV
CAK,SBN
CAK,SFB
CAK,SRQ
CAK,TPA
CAK,VPS
CCR,LAS
CCR,SNA
CDB,DUT
CDB,EGX
CDB,KFP
CDB,KVC
CDB,NLG
CDB,SDP
CDC,LAS
CDC,SLC
CDL,FAI
CDR,DEN
CDV,SEA
CDV,TEK
CDV,YAK
ACK,CDW
CDW,HTO
CDW,MTP
CDW,NYS
CEC,CIC
CEC,HHR
CEC,OAK
CEC,SMF
CEM,FAI
CEM,IRC
CEU,SSI
CEZ,DEN
CEZ,PHX
CFT,PHX
CFT,SAD
CGA,WFB
CGE,FOK
CGI,DFW
CGI,MQY
CGI,ORD
CGI,PNS
CGI,PWA
ACT,CHA
AFW,CHA
BHM,CHA
CHA,CLT
CHA,DCA
CHA,DEN
CHA,DFW
CHA,DTW
CHA,EWR
CHA,FLL
CHA,GSO
CHA,IAH
CHA,IFP
CHA,LAX
CHA,LGA
CHA,LRD
CHA,LWB
CHA,MEM
CHA,MIA
CHA,ORD
CHA,PIA
CHA,PIE
CHA,SAT
CHA,SFB
CHA,YIP
BBX,CHO
CHO,CLT
CHO,DCA
CHO,HTO
CHO,IAD
CHO,LGA
CHO,MSP
CHO,ORD
CHO,RIC
CHO,ROA
CHO,SRQ
CHO,TUS
BHB,CHS
CAE,CHS
CHS,CLT
CHS,CMH
CHS,CVG
CHS,DAL
CHS,DCA
CHS,DEN
CHS,DFW
CHS,DHN
CHS,DTW
CHS,EWR
CHS,FAY
CHS,FLL
CHS,HHH
CHS,HOU
CHS,HPN
CHS,HVN
CHS,IAB
CHS,IAD
CHS,IAH
CHS,IND
CHS,ISP
CHS,JAX
CHS,JFK
CHS,LAX
CHS,LGA
CHS,LRD
CHS,MCI
CHS,MCO
CHS,MDW
CHS,MHT
CHS,MIA
CHS,MSP
CHS,MSY
CHS,OKC
CHS,ORD
CHS,ORF
CHS,PAE
CHS,PBI
CHS,PHL
CHS,PIA
CHS,PIT
CHS,PVD
CHS,PWM
CHS,RIC
CHS,ROC
CHS,RSW
CHS,SAT
CHS,SCF
CHS,SDF
CHS,SEA
CHS,SPS
CHS,STL
CHS,SWF
CHS,SYR
CHS,TPA
CHS,TUL
CHS,YIP
BET,CHU
CHU,CKD
CHU,KLG
CHU,RDV
CHU,SLQ
CHU,SRV
CIC,SMF
CID,CLT
CID,CVG
CID,DCA
CID,DEN
CID,DFW
CID,DSM
CID,FLL
CID,FSM
CID,GPT
CID,IND
CID,LAS
CID,MCI
CID,MEM
CID,MKE
CID,MSP
CID,ORD
CID,PGD
CID,PHX
CID,PIE
CID,RFD
CID,RST
CID,SDF
CID,SFB
CEM,CIK
CIK,FAI
CIK,FYU
CIK,KBC
CIU,DTW
CIU,GRR
CIU,MSP
CIU,ORD
CIU,PLN
CKB,IAD
CKB,MSP
CKB,MYR
CKB,OMA
CKB,ORD
CKB,PIE
CKB,PLN
CKB,SFB
CKB,VPS
CKD,KLG
CKD,RDV
CKD,SHX
CKD,SLQ
CKX,TKJ
CLD,DEN
CLD,GJT
CLD,LAS
CLD,MMH
CLD,MSP
CLD,OAK
CLD,PHX
CLD,RNO
CLD,SCF
CLD,SFO
ABE,CLE
AZO,CLE
CHA,CLE
CLE,CLT
CLE,CMH
CLE,DAY
CLE,DCA
CLE,DEN
CLE,DFW
CLE,DTW
CLE,ERI
CLE,EWR
CLE,FAR
CLE,FLL
CLE,GEG
CLE,GPT
CLE,GRR
CLE,HVN
CLE,IAD
CLE,IAH
CLE,IFP
CLE,IND
CLE,JFK
CLE,LAS
CLE,LAX
CLE,LGA
CLE,LRD
CLE,MAF
CLE,MCI
CLE,MCO
CLE,MDT
CLE,MDW
CLE,MEM
CLE,MIA
CLE,MKE
CLE,MSP
CLE,MYR
CLE,OKC
CLE,ORD
CLE,PHL
CLE,PHX
CLE,PTK
CLE,RDU
CLE,RSW
CLE,SDF
CLE,SEA
CLE,SFO
CLE,SLC
CLE,SRQ
CLE,STL
CLE,TPA
CLE,TUL
CLE,TUP
CLE,USA
CLE,YIP
CLL,CSG
CLL,DFW
CLL,IAH
CLL,LBB
CLL,MSP
CLM,FRD
CLM,SEA
AKN,CLP
CLP,DLG
CLP,KMO
ABQ,CLT
CLT,CMH
CLT,COU
CLT,CRW
CLT,CVG
CLT,DAB
CLT,DAL
CLT,DAY
CLT,DCA
CLT,DEN
CLT,DFW
CLT,DSM
CLT,DTW
CLT,ECP
CLT,ERI
CLT,EVV
CLT,EWN
CLT,EWR
CLT,EYW
CLT,FAY
CLT,FLL
CLT,FLO
CLT,FRG
CLT,FWA
CLT,GNV
CLT,GPT
CLT,GRR
CLT,GSO
CLT,GSP
CLT,HHH
CLT,HPN
CLT,HSV
CLT,HTS
CLT,IAD
CLT,IAH
CLT,ILM
CLT,ILN
CLT,IND
CLT,JAC
CLT,JAN
CLT,JAX
CLT,JFK
CLT,LAS
CLT,LAX
CLT,LEX
CLT,LFT
CLT,LGA
CLT,LIT
CLT,LWB
CLT,LYH
CLT,MCI
CLT,MCO
CLT,MDT
CLT,MDW
CLT,MEM
CLT,MGM
CLT,MHT
CLT,MIA
CLT,MKC
CLT,MKE
CLT,MLB
CLT,MLI
CLT,MLU
CLT,MOB
CLT,MQY
CLT,MSL
CLT,MSN
CLT,MSP
CLT,MSY
CLT,MTH
CLT,MVY
CLT,MYR
CLT,OAJ
CLT,OKC
CLT,OMA
CLT,ONT
CLT,ORD
CLT,ORF
CLT,OWB
CLT,PBI
CLT,PDK
CLT,PDX
CLT,PGV
CLT,PHF
CLT,PHL
CLT,PHX
CLT,PIA
CLT,PIT
CLT,PKB
CLT,PNS
CLT,PVD
CLT,PWM
CLT,RAP
CLT,RDU
CLT,RFD
CLT,RIC
CLT,ROA
CLT,ROC
CLT,RSW
CLT,SAN
CLT,SAT
CLT,SAV
CLT,SBD
CLT,SBN
CLT,SBY
CLT,SDF
CLT,SEA
CLT,SFO
CLT,SGF
CLT,SHD
CLT,SHV
CLT,SJU
CLT,SLC
CLT,SMF
CLT,SNA
CLT,SRQ
CLT,STL
CLT,STT
CLT,STX
CLT,SYR
CLT,TLH
CLT,TPA
CLT,TRI
CLT,TTN
CLT,TUL
CLT,TVC
CLT,TYS
CLT,VPS
CLT,VRB
CLT,XNA
ABE,CMH
ACT,CMH
AMA,CMH
BED,CMH
BIF,CMH
CAE,CMH
CKB,CMH
CMH,COS
CMH,CVG
CMH,DAL
CMH,DCA
CMH,DEN
CMH,DFW
CMH,DTW
CMH,ECP
CMH,EWR
CMH,FLL
CMH,GPT
CMH,GSP
CMH,HOU
CMH,IAD
CMH,IAH
CMH,IND
CMH,JAX
CMH,JFK
CMH,LAS
CMH,LAX
CMH,LGA
CMH,LWB
CMH,MCI
CMH,MCO
CMH,MDW
CMH,MIA
CMH,MKC
CMH,MSP
CMH,MSY
CMH,MYR
CMH,ORD
CMH,ORF
CMH,PBI
CMH,PHL
CMH,PHX
CMH,PIT
CMH,PVD
CMH,PWM
CMH,RAP
CMH,RDU
CMH,RSW
CMH,SAN
CMH,SDF
CMH,SEA
CMH,SFO
CMH,SLC
CMH,SNA
CMH,SRQ
CMH,STL
CMH,TPA
CMH,TUL
CMH,XNA
CMI,DFW
CMI,ORD
CMI,SQI
CMI,T8X
CKB,CMX
CMX,ESC
CMX,MSN
CMX,ORD
CMX,RHI
CNM,DEN
CNO,TUS
CNW,DFW
CNY,DEN
CNY,PGA
CNY,PHX
CNY,VEL
CO7,HHR
BFF,COD
COD,DEN
COD,GJT
COD,ORD
COE,FRD
CON,HPN
CON,LCI
ACT,COS
AUS,COS
BWI,COS
COD,COS
COS,CVG
COS,DAL
COS,DDC
COS,DEN
COS,DFW
COS,DRO
COS,EUG
COS,FAT
COS,FWA
COS,GJT
COS,HOU
COS,HSV
COS,IAH
COS,LAS
COS,LBB
COS,LEX
COS,MCI
COS,MDW
COS,MEM
COS,MSP
COS,MSY
COS,OKC
COS,ORD
COS,PHX
COS,PIE
COS,ROW
COS,SAN
COS,SJC
COS,SLC
COS,SNA
COU,DAY
COU,DEN
COU,DFW
COU,MLI
COU,ORD
COU,SBN
COU,SCE
COU,SFB
COU,VPS
CPR,DEN
CPR,GJT
CPR,HDN
CPR,MEM
CPR,RKS
ATL,CPS
CPS,DAL
CPS,DEN
CPS,JFK
CPS,MKC
CPS,PIE
CPS,SEA
CPS,SLC
CPX,JRV
CPX,SIG
CPX,SJU
CPX,VQS
CRG,PDK
CRG,SRQ
CRP,CVG
CRP,DEN
CRP,DFW
CRP,GPT
CRP,HOU
CRP,IAH
CRP,IFP
CAK,CRW
CRW,DCA
CRW,EWR
CRW,JST
CRW,LYH
CRW,MCO
CRW,MSY
CRW,MYR
CRW,ORD
CRW,TPA
CSG,DHN
CSG,ELP
CSG,HRL
CSG,MEM
CSG,MKC
CSG,NKX
ALO,CVG
BHM,CVG
BUF,CVG
CVG,DCA
CVG,DEN
CVG,DFW
CVG,DHN
CVG,DTW
CVG,ELP
CVG,EWR
CVG,EYW
CVG,FLL
CVG,GPT
CVG,GSO
CVG,GUF
CVG,HRL
CVG,IAD
CVG,IAH
CVG,ILN
CVG,IND
CVG,JAX
CVG,JFK
CVG,LAL
CVG,LAS
CVG,LAX
CVG,LGA
CVG,MCI
CVG,MCN
CVG,MCO
CVG,MDW
CVG,MEM
CVG,MHT
CVG,MIA
CVG,MKE
CVG,MLB
CVG,MQY
CVG,MSP
CVG,MSY
CVG,MYR
CVG,NGU
CVG,ONT
CVG,ORD
CVG,OSC
CVG,PBI
CVG,PDK
CVG,PDX
CVG,PGD
CVG,PHL
CVG,PHX
CVG,PIE
CVG,PIT
CVG,PTK
CVG,PVD
CVG,RAP
CVG,RDU
CVG,RFD
CVG,RIC
CVG,ROA
CVG,ROC
CVG,RSW
CVG,SAN
CVG,SAT
CVG,SAV
CVG,SBD
CVG,SCK
CVG,SDF
CVG,SEA
CVG,SFB
CVG,SFO
CVG,SJU
CVG,SLC
CVG,SMF
CVG,SNA
CVG,SRQ
CVG,STL
CVG,TOL
CVG,TPA
CVG,TUL
CVG,VPS
CVN,DEN
CVN,DFW
CVO,PDX
CWA,DCA
CWA,HOB
CWA,MKE
CWA,MSN
CWA,MSP
CWA,ORD
ABL,CXF
CXF,FAI
CXF,HKB
CXF,OBU
CXF,RLU
CXF,SCC
CXL,HHR
CXO,HRL
CYF,KKH
CYF,KPN
CYF,KWK
CYF,NME
CYF,OOK
CYF,SXP
CYF,TNK
CYF,WTL
CYF,WWT
CYS,DEN
CYS,IFP
CZN,FAI
CZN,TKJ
CZO,TKJ
DAB,HVN
DAB,JAX
DAB,JFK
DAB,MCO
DAB,OPF
DAB,PVD
DAB,RDU
AZA,DAL
BFI,DAL
BGR,DAL
DAL,DCA
DAL,DEN
DAL,DSI
DAL,ECP
DAL,ELP
DAL,EWR
DAL,FAT
DAL,FLL
DAL,GEG
DAL,GRK
DAL,GUC
DAL,HHH
DAL,HOB
DAL,HOT
DAL,HOU
DAL,HRL
DAL,IAD
DAL,IAH
DAL,IND
DAL,ISP
DAL,JAN
DAL,JAX
DAL,JFK
DAL,LAS
DAL,LAX
DAL,LBB
DAL,LGA
DAL,LGB
DAL,LIT
DAL,MAF
DAL,MCI
DAL,MCO
DAL,MDW
DAL,MEM
DAL,MIA
DAL,MKC
DAL,MKE
DAL,MSL
DAL,MSP
DAL,MSY
DAL,MTJ
DAL,MYR
DAL,OAK
DAL,OKC
DAL,OMA
DAL,ONT
DAL,OPF
DAL,ORD
DAL,ORF
DAL,PDX
DAL,PHL
DAL,PHX
DAL,PIT
DAL,PNS
DAL,PVD
DAL,RDU
DAL,RNO
DAL,RSW
DAL,SAN
DAL,SAT
DAL,SAV
DAL,SDF
DAL,SEA
DAL,SFB
DAL,SFO
DAL,SJC
DAL,SLC
DAL,SMF
DAL,SNA
DAL,SRQ
DAL,STL
DAL,TPA
DAL,TSM
DAL,TUL
DAL,TUS
DAL,TYS
DAL,VPS
DAY,DCA
DAY,DEN
DAY,DFW
DAY,DTW
DAY,FWA
DAY,GPT
DAY,IAD
DAY,MCI
DAY,MEM
DAY,MYR
DAY,OKC
DAY,ORD
DAY,PGD
DAY,PHL
DAY,PIE
DAY,SBN
DAY,SFB
DAY,SHV
DAY,SPS
DAB,DCA
DCA,DEN
DCA,DFW
DCA,DLH
DCA,DSM
DCA,DTW
DCA,ECP
DCA,EWR
DCA,EYW
DCA,FAY
DCA,FLL
DCA,FSD
DCA,GRB
DCA,GRK
DCA,GRR
DCA,GSO
DCA,GSP
DCA,HHH
DCA,HOU
DCA,HPN
DCA,HSV
DCA,HYA
DCA,IAD
DCA,IAH
DCA,ICT
DCA,ILM
DCA,IND
DCA,JAN
DCA,JAX
DCA,JFK
DCA,LAN
DCA,LAS
DCA,LAX
DCA,LEX
DCA,LGA
DCA,LIT
DCA,MCI
DCA,MCO
DCA,MDW
DCA,MEM
DCA,MGM
DCA,MHT
DCA,MIA
DCA,MKE
DCA,MSN
DCA,MSP
DCA,MSY
DCA,MVY
DCA,MYR
DCA,OKC
DCA,OMA
DCA,ORD
DCA,ORF
DCA,PBI
DCA,PDX
DCA,PHL
DCA,PHX
DCA,PIT
DCA,PNS
DCA,PVD
DCA,PWM
DCA,RDU
DCA,RIC
DCA,ROC
DCA,RSW
DCA,SAN
DCA,SAT
DCA,SAV
DCA,SDF
DCA,SEA
DCA,SFO
DCA,SGF
DCA,SJU
DCA,SLC
DCA,SRQ
DCA,STL
DCA,SYR
DCA,TLH
DCA,TOL
DCA,TPA
DCA,TRI
DCA,TUL
DCA,TVC
DCA,TYS
DCA,VPS
DCA,XNA
DCK,FAI
DCK,OBU
DDC,DEN
DEC,DLH
DEC,JST
DEC,ORD
AVP,DEN
CNW,DEN
DEN,DFW
DEN,DIK
DEN,DRO
DEN,DSM
DEN,DTW
DEN,DVL
DEN,EAR
DEN,ECP
DEN,EGE
DEN,ELP
DEN,EUG
DEN,EWR
DEN,FAI
DEN,FAR
DEN,FAT
DEN,FCA
DEN,FLL
DEN,FMN
DEN,FOD
DEN,FSD
DEN,GCC
DEN,GEG
DEN,GJT
DEN,GNV
DEN,GRK
DEN,GRR
DEN,GSO
DEN,GSP
DEN,GTF
DEN,GUC
DEN,HDN
DEN,HLN
DEN,HNL
DEN,HOB
DEN,HOU
DEN,HSV
DEN,HYS
DEN,IAD
DEN,IAH
DEN,ICT
DEN,IDA
DEN,IFP
DEN,ILM
DEN,IND
DEN,JAC
DEN,JAX
DEN,JFK
DEN,JLN
DEN,JMS
DEN,KOA
DEN,LAR
DEN,LAS
DEN,LAX
DEN,LBB
DEN,LBF
DEN,LBL
DEN,LEX
DEN,LGA
DEN,LGB
DEN,LIH
DEN,LIT
DEN,LNK
DEN,MAF
DEN,MCI
DEN,MCK
DEN,MCN
DEN,MCO
DEN,MDW
DEN,MEM
DEN,MFE
DEN,MFR
DEN,MIA
DEN,MKE
DEN,MLI
DEN,MOT
DEN,MRY
DEN,MSN
DEN,MSO
DEN,MSP
DEN,MSY
DEN,MTJ
DEN,MYR
DEN,OAK
DEN,OGG
DEN,OKC
DEN,OMA
DEN,ONT
DEN,ORD
DEN,ORF
DEN,OTH
DEN,PDX
DEN,PGA
DEN,PHL
DEN,PHX
DEN,PIA
DEN,PIR
DEN,PIT
DEN,PNS
DEN,PRC
DEN,PSC
DEN,PSP
DEN,PUB
DEN,PVD
DEN,PWM
DEN,RAP
DEN,RDD
DEN,RDM
DEN,RDU
DEN,RFD
DEN,RIC
DEN,RIW
DEN,RKS
DEN,RNO
DEN,ROW
DEN,RSW
DEN,SAF
DEN,SAN
DEN,SAT
DEN,SAV
DEN,SBA
DEN,SBD
DEN,SBN
DEN,SBP
DEN,SDF
DEN,SEA
DEN,SFO
DEN,SGF
DEN,SGU
DEN,SHR
DEN,SHV
DEN,SJC
DEN,SJU
DEN,SLC
DEN,SLN
DEN,SMF
DEN,SNA
DEN,SRQ
DEN,STL
DEN,STS
DEN,SUN
DEN,SUX
DEN,SYR
DEN,TEX
DEN,TPA
DEN,TSM
DEN,TUL
DEN,TUS
DEN,TVC
DEN,TYS
DEN,USA
DEN,VCV
DEN,VEL
DEN,VPS
DEN,WYS
DEN,XNA
DEN,XWA
DEN,YNG
BFI,DFW
DAB,DFW
DFW,DLH
DFW,DRO
DFW,DSM
DFW,DTW
DFW,ECP
DFW,EGE
DFW,ELD
DFW,ELP
DFW,EVV
DFW,EWR
DFW,EYW
DFW,FAR
DFW,FAT
DFW,FCA
DFW,FLG
DFW,FLL
DFW,FSD
DFW,FSM
DFW,FWA
DFW,GCK
DFW,GEG
DFW,GGG
DFW,GJT
DFW,GLH
DFW,GNV
DFW,GPT
DFW,GRI
DFW,GRK
DFW,GRR
DFW,GSO
DFW,GSP
DFW,GTR
DFW,GUC
DFW,GYY
DFW,HNL
DFW,HOT
DFW,HOU
DFW,HRL
DFW,HRO
DFW,HSV
DFW,HVN
DFW,IAD
DFW,IAH
DFW,ICT
DFW,IDA
DFW,IFP
DFW,ILM
DFW,IND
DFW,JAC
DFW,JAN
DFW,JAX
DFW,JFK
DFW,LAL
DFW,LAS
DFW,LAW
DFW,LAX
DFW,LBB
DFW,LCH
DFW,LEX
DFW,LFT
DFW,LGA
DFW,LIT
DFW,LNK
DFW,LRD
DFW,MAF
DFW,MCI
DFW,MCO
DFW,MDT
DFW,MDW
DFW,MEM
DFW,MFE
DFW,MGM
DFW,MHK
DFW,MIA
DFW,MKC
DFW,MKE
DFW,MLI
DFW,MLU
DFW,MOB
DFW,MQY
DFW,MRY
DFW,MSN
DFW,MSO
DFW,MSP
DFW,MSY
DFW,MTJ
DFW,MYR
DFW,OAK
DFW,OGG
DFW,OKC
DFW,OMA
DFW,ONT
DFW,ORD
DFW,ORF
DFW,PBI
DFW,PDX
DFW,PHL
DFW,PHX
DFW,PIA
DFW,PIT
DFW,PNS
DFW,PSP
DFW,PVU
DFW,PWM
DFW,RAP
DFW,RDU
DFW,RFD
DFW,RIC
DFW,RNO
DFW,ROA
DFW,ROW
DFW,RSW
DFW,SAF
DFW,SAN
DFW,SAT
DFW,SAV
DFW,SBA
DFW,SBN
DFW,SBP
DFW,SDF
DFW,SEA
DFW,SFO
DFW,SGF
DFW,SGU
DFW,SHV
DFW,SJC
DFW,SJT
DFW,SJU
DFW,SLC
DFW,SMF
DFW,SNA
DFW,SPS
DFW,SRQ
DFW,STL
DFW,STS
DFW,STT
DFW,SWO
DFW,SYR
DFW,TBN
DFW,TLH
DFW,TPA
DFW,TRI
DFW,TUL
DFW,TUP
DFW,TUS
DFW,TVC
DFW,TXK
DFW,TYR
DFW,TYS
DFW,VPS
DFW,XNA
DFW,XXX
DFW,YUM
DHB,FBS
DHB,KEH
DHB,LKE
DHB,RCE
DHB,RSJ
DHB,WSX
DHN,LRD
DHN,MEM
DHN,MIA
DHN,YIP
DIK,FAR
DIO,OME
DJN,FAI
DLG,GNU
DLG,IGG
DLG,ILI
DLG,KCQ
DLG,KEK
DLG,KGK
DLG,KLL
DLG,KMO
DLG,KNW
DLG,KSM
DLG,PTH
DLG,SNP
DLG,TOG
DLG,TWA
DLG,WSN
CAK,DLH
DLH,MKE
DLH,MSP
DLH,ORD
DLH,ROA
ANC,DOV
DPA,PWK
DPA,VWC
DQL,LKK
DQS,GCN
DQS,KNB
DQS,MYH
DQS,PGA
DRG,OME
DRG,OTZ
DRG,SHH
ACT,DRO
DRO,GJT
DRO,IAH
DRO,ORD
DRO,PHX
DRT,PTK
DRT,YIP
6GA,DSI
DSI,MQY
DSI,PDK
DSI,TN8
ATW,DSM
DSM,DTW
DSM,EWR
DSM,FLL
DSM,FNT
DSM,FSD
DSM,GPT
DSM,GSP
DSM,GUF
DSM,GYY
DSM,HOU
DSM,HSV
DSM,IAD
DSM,IAH
DSM,IFP
DSM,ILM
DSM,JAX
DSM,LAS
DSM,LAX
DSM,LCK
DSM,LEX
DSM,LGA
DSM,MDW
DSM,MEM
DSM,MIA
DSM,MSP
DSM,ORD
DSM,PDX
DSM,PGD
DSM,PHL
DSM,PHX
DSM,PIA
DSM,PIE
DSM,SDF
DSM,SFB
DSM,SNA
DSM,SRQ
DSM,TVC
DSM,VPS
CAK,DTW
CYS,DTW
DTW,ELM
DTW,ELP
DTW,ESC
DTW,EWR
DTW,FLL
DTW,FSD
DTW,FWA
DTW,GPT
DTW,GRB
DTW,GRR
DTW,GSO
DTW,GSP
DTW,HNL
DTW,HPN
DTW,HSV
DTW,HVN
DTW,IAD
DTW,IAH
DTW,ILM
DTW,IMT
DTW,IND
DTW,JAX
DTW,JFK
DTW,LAN
DTW,LAS
DTW,LAX
DTW,LEX
DTW,LGA
DTW,LRD
DTW,MBS
DTW,MCI
DTW,MCO
DTW,MDT
DTW,MDW
DTW,MEM
DTW,MIA
DTW,MKE
DTW,MQT
DTW,MSN
DTW,MSP
DTW,MSY
DTW,MYR
DTW,OKC
DTW,OMA
DTW,ORD
DTW,ORF
DTW,PBI
DTW,PDX
DTW,PHL
DTW,PHX
DTW,PIT
DTW,PLN
DTW,PNS
DTW,PVD
DTW,PWM
DTW,RAP
DTW,RDU
DTW,RFD
DTW,RIC
DTW,ROC
DTW,RSW
DTW,SAN
DTW,SAT
DTW,SAV
DTW,SBN
DTW,SDF
DTW,SEA
DTW,SFO
DTW,SJU
DTW,SLC
DTW,SNA
DTW,SPI
DTW,SRQ
DTW,STL
DTW,SYR
DTW,TPA
DTW,TUL
DTW,TUS
DTW,TVC
DTW,TYS
DTW,XNA
BFD,DUJ
DUJ,IAD
DUJ,MQY
DUJ,PIT
DUT,EGX
DUT,IKO
DUT,KFP
DUT,KQA
DUT,SDP
DUT,SNP
DUT,STG
DVT,RNT
DXR,FOK
DXR,IAD
EAA,FAI
EAA,TKJ
EAR,LNS
EAR,MKE
EAR,ORD
EAT,SEA
CAK,EAU
CNO,EAU
EAU,FNT
EAU,ORD
EAU,RNO
COS,ECP
ECP,HOU
ECP,IAH
ECP,IND
ECP,LBB
ECP,LGA
ECP,LIT
ECP,MCI
ECP,MCO
ECP,MDW
ECP,MGM
ECP,ORD
ECP,PDK
ECP,PHL
ECP,STL
ECP,TLH
ECP,TPA
EDA,KCC
EDA,NKI
EDA,PPV
EDA,WFB
EEK,KKH
EEK,KWN
EEK,PTU
EEK,WNA
EEK,WTL
EEN,TEB
EGE,GJT
EGE,IAH
EGE,OKC
EGE,ORD
EGE,PNE
EGV,ORD
EGV,UGN
ANC,EGX
EGX,PIP
EGX,PTH
EGX,UGS
EGX,WSN
EKO,MQY
EKO,SLC
BNA,EKY
EKY,HPN
ELD,MQY
ELI,GLV
ELI,KKA
ELI,OME
ELI,SKK
ELI,UNK
ELI,WBB
ELI,WMO
BDL,ELM
ELM,HPN
ELM,MYR
ELM,PIE
ELM,SFB
ABI,ELP
ADW,ELP
BOI,ELP
ELP,GRK
ELP,GYY
ELP,HOU
ELP,HRL
ELP,IAH
ELP,IFP
ELP,IND
ELP,JAX
ELP,LAS
ELP,LAW
ELP,LAX
ELP,LSF
ELP,MAF
ELP,MCI
ELP,MCO
ELP,MDT
ELP,MDW
ELP,MEM
ELP,MIA
ELP,NGU
ELP,NKX
ELP,OKC
ELP,OMA
ELP,ONT
ELP,OPF
ELP,ORD
ELP,PAE
ELP,PHX
ELP,RNO
ELP,SAN
ELP,SAT
ELP,SDF
ELP,SEA
ELP,SHV
ELP,SLC
ELP,STL
ELP,TNT
ELP,TUL
ELP,VCV
ELP,YNG
ELV,JNU
ELV,PEC
EMK,KOT
EMK,KSM
EMK,OME
EMK,PQS
EMK,SXP
DLG,ENA
ENA,FAI
ENA,HOM
ENA,MRI
ENA,SXQ
ENN,FAI
BLM,ERI
ERI,HPN
ERI,MCO
ERI,ORD
ESC,MKE
ESC,MSN
ESC,MSP
ESD,FRD
ESD,HIO
ESD,PAE
ESN,HTO
BTR,EUG
CPR,EUG
EUG,GJT
EUG,GNV
EUG,ICT
EUG,LAS
EUG,LAX
EUG,MSP
EUG,ORD
EUG,PDX
EUG,PHX
EUG,RDM
EUG,SAN
EUG,SEA
EUG,SFO
EUG,SJC
EUG,SLC
EUG,SMF
EUG,SNA
ABI,EVV
EVV,MCO
EVV,ORD
EVV,PIE
EVV,SFB
EVV,SHV
EVV,VPS
EWB,MVY
EWB,PNE
EWN,GSO
EWN,MCO
EWN,ORF
EWN,RDU
AFW,EWR
BFF,EWR
BFI,EWR
COS,EWR
EWR,EYW
EWR,FCA
EWR,FLL
EWR,GRR
EWR,GSO
EWR,GSP
EWR,HHH
EWR,HTO
EWR,IAD
EWR,IAH
EWR,ILM
EWR,IND
EWR,INT
EWR,JAC
EWR,JAX
EWR,JFK
EWR,LAS
EWR,LAX
EWR,MCI
EWR,MCO
EWR,MEM
EWR,MIA
EWR,MKC
EWR,MKE
EWR,MSN
EWR,MSP
EWR,MSY
EWR,MYR
EWR,NY7
EWR,OAK
EWR,OKC
EWR,ORD
EWR,ORF
EWR,PBI
EWR,PDX
EWR,PHL
EWR,PHX
EWR,PIT
EWR,PTK
EWR,PVD
EWR,PWM
EWR,RAP
EWR,RDU
EWR,RFD
EWR,RIC
EWR,ROC
EWR,RST
EWR,RSW
EWR,SAN
EWR,SAT
EWR,SAV
EWR,SDF
EWR,SEA
EWR,SFO
EWR,SJU
EWR,SLC
EWR,SMF
EWR,SNA
EWR,SRQ
EWR,STL
EWR,STT
EWR,TPA
EWR,TUL
EWR,TVC
EWR,TYS
EWR,UBF
EWR,VPS
EWR,WST
EXI,JNU
BCT,EYW
EYW,FLL
EYW,FWA
EYW,HTS
EYW,IAD
EYW,IND
EYW,LCK
EYW,MCO
EYW,MEM
EYW,MIA
EYW,MTH
EYW,OKC
EYW,ORD
EYW,PBI
EYW,PHL
EYW,PIE
EYW,PIT
EYW,RDU
EYW,SFB
EYW,STL
EYW,TPA
EYW,TYS
FAI,FVZ
FAI,FYU
FAI,GAL
FAI,GBH
FAI,HGZ
FAI,HKB
FAI,HSL
FAI,HUS
FAI,IRC
FAI,KAL
FAI,KBC
FAI,KYU
FAI,LMA
FAI,MCG
FAI,MHM
FAI,MLY
FAI,MNT
FAI,MSP
FAI,NIB
FAI,NUI
FAI,NUL
FAI,OBU
FAI,OME
FAI,ORD
FAI,PDX
FAI,PPC
FAI,RBY
FAI,RLU
FAI,RMP
FAI,SCC
FAI,SEA
FAI,SHG
FAI,SVS
FAI,TAL
FAI,TCT
FAI,TKJ
FAI,UMT
FAI,VEE
FAI,VIK
FAI,WBQ
ABI,FAR
BMI,FAR
FAR,IFP
FAR,LAS
FAR,MEM
FAR,MKE
FAR,MOT
FAR,MSP
FAR,ORD
FAR,RFD
FAR,RST
FAR,SDF
FAR,SFB
FAR,XWA
FAT,IFP
FAT,LAS
FAT,LAX
FAT,OAK
FAT,OKC
FAT,ONT
FAT,ORD
FAT,PDX
FAT,PHX
FAT,SAN
FAT,SBA
FAT,SBD
FAT,SDF
FAT,SEA
FAT,SFO
FAT,SLC
FAT,TUL
FAY,GSO
FAY,ILM
FAY,RDU
FBS,KEH
FBS,LKE
FBS,RCE
FBS,RSJ
FBS,WSX
FCA,GTF
FCA,IAH
FCA,ICT
FCA,LAS
FCA,LAX
FCA,LGA
FCA,MSP
FCA,ORD
FCA,PDX
FCA,PHX
FCA,RAP
FCA,RCE
FCA,RDM
FCA,SAN
FCA,SEA
FCA,SFO
FCA,SLC
FDK,GED
FDK,SAV
FHB,PIE
FHB,SDF
FID,HPN
FID,NH4
FID,TEB
AUS,FLG
FLG,PHX
FLG,SNA
FLG,TUS
AEX,FLL
BHM,FLL
BTR,FLL
CAE,FLL
FLL,FOK
FLL,FWA
FLL,GRR
FLL,GSP
FLL,HOU
FLL,HPN
FLL,HRL
FLL,HSV
FLL,HVN
FLL,IAD
FLL,IAH
FLL,ILG
FLL,ILM
FLL,IND
FLL,ISP
FLL,JAX
FLL,JFK
FLL,LAL
FLL,LAS
FLL,LAX
FLL,LCK
FLL,LEX
FLL,LGA
FLL,MAF
FLL,MCI
FLL,MCN
FLL,MCO
FLL,MDT
FLL,MDW
FLL,MEM
FLL,MIA
FLL,MKC
FLL,MPB
FLL,MQY
FLL,MSP
FLL,MSY
FLL,MTH
FLL,MYR
FLL,OBE
FLL,OPF
FLL,ORD
FLL,ORF
FLL,ORH
FLL,PBG
FLL,PBI
FLL,PHL
FLL,PHX
FLL,PIT
FLL,PNS
FLL,PVD
FLL,RDU
FLL,RFD
FLL,RIC
FLL,SAV
FLL,SBN
FLL,SDF
FLL,SEA
FLL,SFO
FLL,SJU
FLL,SLC
FLL,STL
FLL,STT
FLL,SUA
FLL,SWF
FLL,SYR
FLL,TPA
FLL,TTN
FLL,TYS
FLL,USA
FLL,XNA
FLL,YIP
FLO,LRD
FLO,YIP
DRO,FMN
FMN,GUP
FLL,FMY
FNR,JNU
ATW,FNT
FNT,IAD
FNT,IND
FNT,JAX
FNT,LAS
FNT,MDT
FNT,MEM
FNT,ORD
FNT,PDX
FNT,PGD
FNT,PIE
FNT,SAF
FNT,SFB
FNT,SRQ
FOD,LNK
FOD,MKE
FOD,ORD
BUR,FOK
EYW,FOK
FDK,FOK
FOK,HPN
FOK,HVN
FOK,HYA
FOK,IAD
FOK,MVY
FOK,N4Y
FOK,NJ1
FOK,OPF
FOK,ORD
FOK,OXC
FOK,PHL
FOK,PVD
FOK,ROA
FOK,SFZ
FOK,SWF
FOK,TEB
FOK,TTN
FOK,VGC
FOK,W29
FRD,PAE
FRD,PDX
FRD,RCE
FRD,RNT
FRD,SMO
FRD,TWD
BHB,FRG
BOS,FRG
FID,FRG
FRG,HPN
FRG,HTO
FRG,MIA
FRG,MTP
FRG,OWD
FRG,PYM
FRG,SAT
FRG,SBY
FRG,TEB
FRG,VA4
ALO,FSD
CID,FSD
COS,FSD
FAR,FSD
FSD,IFP
FSD,LAS
FSD,MEM
FSD,MSP
FSD,OKC
FSD,ORD
FSD,PHX
FSD,PIE
FSD,PIR
FSD,RAP
FSD,SAF
FSD,SDF
FSD,SFB
FSD,STL
DFW,FTW
FVZ,UMT
ABI,FWA
ACT,FWA
AVL,FWA
BTV,FWA
CMX,FWA
CRW,FWA
DEC,FWA
FWA,GPT
FWA,GSP
FWA,LAS
FWA,LRD
FWA,MBS
FWA,MEM
FWA,MSP
FWA,MSY
FWA,MYR
FWA,ORD
FWA,PGD
FWA,PIE
FWA,PTK
FWA,SBN
FWA,SFB
FWA,SRQ
FWA,STL
FWA,YIP
FXE,HPN
FXE,SWF
BTI,FYU
FYU,KBC
FYU,VEE
FYU,WBQ
GA9,MQY
GAD,JAX
ACK,GAI
GAI,HYA
ENN,GAL
GAL,HSL
GAL,KAL
GAL,KYU
GAL,MTX
GAL,NUL
GAL,RBY
GAL,SHX
GAL,UNK
ANC,GAM
GAM,OME
GAM,SVA
GBH,PPC
GBH,SCC
ACT,GCK
GCK,ICT
GCN,KNB
GCN,PGA
GED,OWD
GED,PDK
GED,UBF
AUS,GEG
BOS,GEG
GEG,GJT
GEG,GTF
GEG,IAH
GEG,LAS
GEG,LAX
GEG,LBB
GEG,MDW
GEG,MEM
GEG,MSO
GEG,MSP
GEG,OAK
GEG,ONT
GEG,ORD
GEG,PDX
GEG,PHX
GEG,RNO
GEG,ROC
GEG,SAN
GEG,SBD
GEG,SDF
GEG,SEA
GEG,SFO
GEG,SJC
GEG,SLC
GEG,SMF
GEG,SNA
GEG,SPS
GEG,YKM
GFK,MSP
EWR,GFL
GFL,TEB
ABQ,GJT
ACT,GJT
GJT,IAH
GJT,LAS
GJT,LAX
GJT,LBB
GJT,MEM
GJT,ORD
GJT,PHX
GJT,SFO
GJT,SLC
GJT,SNA
GKN,MTX
GKN,TKJ
GLV,KKA
GLV,OME
GLV,SKK
GLV,UNK
GLV,WMO
FRG,GMU
EEK,GNU
GNU,KWN
GNU,PTU
BNA,GNV
COS,GNV
GNV,MIA
GNV,MLB
GNV,ORD
GNV,PHX
GNV,TLH
GNV,TYR
GON,JHW
GON,TEB
AVL,GPT
CHA,GPT
GNV,GPT
GPT,GRB
GPT,HOU
GPT,IAH
GPT,JAN
GPT,JAX
GPT,LAS
GPT,LIT
GPT,MAF
GPT,MBS
GPT,MCI
GPT,MCN
GPT,MCO
GPT,MDW
GPT,MEM
GPT,MFE
GPT,MGM
GPT,MKE
GPT,MLB
GPT,MOB
GPT,MSN
GPT,MSY
GPT,MYR
GPT,ORD
GPT,PBI
GPT,PIE
GPT,PIT
GPT,PNS
GPT,RDU
GPT,RIC
GPT,RSW
GPT,SAT
GPT,SBN
GPT,SDF
GPT,SFB
GPT,SHV
GPT,STL
GPT,TOL
GPT,TPA
GPT,TYR
GPT,USA
CMX,GRB
CWA,GRB
GRB,IMT
GRB,LAF
GRB,LNK
GRB,MSP
GRB,ORD
GRB,SUX
GRB,TVC
ABI,GRI
GRI,LAS
GRI,OMA
ABI,GRK
AUS,GRK
COS,GRK
CXO,GRK
EWR,GRK
GRK,HRL
GRK,LCQ
GRK,MEM
GRK,RNO
GRK,SAN
GRK,TNT
AVP,GRR
COS,GRR
GRR,IAH
GRR,IND
GRR,JAX
GRR,LAS
GRR,LGA
GRR,MCI
GRR,MCO
GRR,MDW
GRR,MEM
GRR,MIA
GRR,MKE
GRR,MSN
GRR,MSP
GRR,MYR
GRR,OKC
GRR,ORD
GRR,PDX
GRR,PGD
GRR,PHL
GRR,PIE
GRR,PIT
GRR,PLN
GRR,SFB
GRR,SNA
GRR,SRQ
GRR,TVC
CHO,GSO
CHS,GSO
CLE,GSO
GSO,GSP
GSO,IAD
GSO,IKK
GSO,IND
GSO,JAX
GSO,LGA
GSO,LRD
GSO,MCO
GSO,MEM
GSO,MIA
GSO,ORD
GSO,PHL
GSO,PIE
GSO,RDU
GSO,RIC
GSO,ROA
GSO,SDF
GSO,TEB
AUS,GSP
CID,GSP
CLE,GSP
DRT,GSP
GSP,HVN
GSP,IAD
GSP,IAH
GSP,JAX
GSP,LAX
GSP,LCK
GSP,LGA
GSP,LIT
GSP,LRD
GSP,MCO
GSP,MEM
GSP,MIA
GSP,MLI
GSP,ORD
GSP,PHL
GSP,PIE
GSP,PIT
GSP,PVD
GSP,RAP
GSP,RFD
GSP,RSW
GSP,RWI
GSP,SDF
GSP,SFB
GSP,SRQ
GSP,TPA
GSP,YIP
ELV,GST
GST,JNU
GST,PEC
COS,GTF
GTF,IFP
GTF,LAS
GTF,MEM
GTF,MKE
GTF,MSO
GTF,ORD
GTF,PHX
GTF,SDF
GTF,SEA
GTF,SLC
GUC,IAH
GUF,HSV
GUF,MCI
GUF,MDT
GUF,OKC
GUF,OMA
GUF,SDF
GUF,SGF
GUF,TYS
GUF,XNA
GUM,HNL
GUM,ROP
GUM,SPN
GUM,TIQ
ABQ,GUP
GUP,PHX
GYY,HRL
GYY,MCI
GYY,SDF
GYY,YIP
ACK,HAR
FAI,HCR
HCR,KGX
HCR,KLG
HCR,KOT
HCR,LMA
HCR,MCG
HCR,OME
HCR,PQS
HCR,RSH
HCR,SHX
HCR,TCT
HDN,IAH
BGM,HFD
HFD,MVY
HFD,VWK
HGR,MYR
HGR,PIE
HGR,SFB
BCT,HHH
CAE,HHH
GRR,HHH
HHH,LGA
HHH,MI3
HHH,ORD
HHH,ORF
HHH,PHL
HHH,SAV
HHR,IGM
HHR,JAC
HHR,MCE
HHR,MMH
HHR,MRY
HHR,NUQ
HHR,OAK
HHR,SJC
HHR,UDD
HHR,UIN
HIB,MSP
HII,LAS
HII,PHX
HIO,PAE
HKB,TKJ
GJT,HLN
HLN,SEA
HLN,SLC
HNH,JNU
HNH,KAE
HNH,KLW
HNH,KTN
AUS,HNL
HNL,IAD
HNL,IAH
HNL,ITO
HNL,JFK
HNL,JHM
HNL,KOA
HNL,LAS
HNL,LAX
HNL,LGB
HNL,LIH
HNL,LNY
HNL,LUP
HNL,MEM
HNL,MKK
HNL,MSP
HNL,OAK
HNL,OGG
HNL,ONT
HNL,ORD
HNL,PDX
HNL,PHX
HNL,PPG
HNL,SAN
HNL,SDF
HNL,SEA
HNL,SFO
HNL,SJC
HNL,SLC
HNL,SMF
HNM,KOA
HNM,OGG
GST,HNS
HNS,JNU
HNS,KTN
HNS,SGY
HOB,IAH
HOB,MAF
HOB,PVD
HOB,SBM
HOM,PGM
HOM,SOV
HOM,TKA
HOP,YUM
HOT,MEM
AGS,HOU
AMA,HOU
BLV,HOU
DRO,HOU
HOU,HRL
HOU,HVN
HOU,IAH
HOU,IFP
HOU,IND
HOU,INT
HOU,JAN
HOU,JAX
HOU,LAS
HOU,LAX
HOU,LBB
HOU,LGA
HOU,LGB
HOU,LIT
HOU,LNK
HOU,MAF
HOU,MCI
HOU,MCO
HOU,MDW
HOU,MEM
HOU,MIA
HOU,MSP
HOU,MSY
HOU,MYR
HOU,OAK
HOU,OKC
HOU,OMA
HOU,ONT
HOU,PHX
HOU,PIT
HOU,PNS
HOU,PVU
HOU,RDU
HOU,RSW
HOU,SAN
HOU,SAT
HOU,SAV
HOU,SDF
HOU,SEA
HOU,SJC
HOU,SJU
HOU,SLC
HOU,SMF
HOU,SRQ
HOU,STL
HOU,TPA
HOU,TUL
HOU,TUS
HOU,TYS
HOU,VPS
ATT,HPB
HPB,KOT
HPB,KSM
HPB,KWN
HPB,NUP
HPB,PQS
HPB,SCM
HPB,SXP
HPB,VAK
HPB,WWT
5NY,HPN
AUS,HPN
BGR,HPN
BKL,HPN
BVY,HPN
CGE,HPN
CMI,HPN
CVG,HPN
DFW,HPN
HPN,HTO
HPN,HYA
HPN,IAD
HPN,JFK
HPN,LAS
HPN,LCI
HPN,LEB
HPN,LEW
HPN,LKP
HPN,MCO
HPN,MIA
HPN,MJX
HPN,MKC
HPN,MPV
HPN,MRY
HPN,MSP
HPN,MTN
HPN,MTP
HPN,MVY
HPN,MYR
HPN,NHZ
HPN,NPT
HPN,NY7
HPN,NYS
HPN,OCE
HPN,OKC
HPN,OPF
HPN,ORD
HPN,OWD
HPN,PA5
HPN,PBI
HPN,PHL
HPN,PQI
HPN,PSM
HPN,PVC
HPN,PWK
HPN,PWM
HPN,PYM
HPN,QQG
HPN,RDU
HPN,RIC
HPN,ROA
HPN,RSW
HPN,SAT
HPN,SAV
HPN,SCE
HPN,SJU
HPN,SLK
HPN,SYR
HPN,TEB
HPN,TPA
HPN,UBF
HPN,USA
HPN,UT1
HPN,VRB
HPN,VWK
AMA,HRL
BED,HRL
BNA,HRL
CAK,HRL
CHA,HRL
EWR,HRL
HRL,IAH
HRL,JAX
HRL,MEM
HRL,MIA
HRL,MSP
HRL,NKX
HRL,OMA
HRL,ONT
HRL,OPF
HRL,PIB
HRL,RIC
HRL,SAN
HRL,SAT
HRL,TTN
HRL,YNG
FTW,HRO
HRO,MEM
HSL,HUS
HSL,RBY
HSL,RLU
HSL,RMP
HSL,TAL
CHO,HSV
CVG,HSV
FSM,HSV
FWA,HSV
HSV,IAD
HSV,IAH
HSV,JAX
HSV,LAS
HSV,LGA
HSV,MCO
HSV,MEM
HSV,MIA
HSV,ORD
HSV,PDK
HSV,PGD
HSV,PIE
HSV,RDU
HSV,SDF
HSV,SFB
HSV,TPA
HSV,TRI
HSV,TUS
ANP,HTO
HTO,HYA
HTO,JFK
HTO,LCI
HTO,MMU
HTO,NY1
HTO,NYS
HTO,OWD
HTO,PHL
HTO,RDG
HTO,RUT
HTO,TEB
HTO,UBF
HTO,VA8
HTO,WST
HTO,ZXU
BMI,HTS
FWA,HTS
HTS,LCK
HTS,MEM
HTS,MYR
HTS,PIE
HTS,SFB
HTS,VPS
GAL,HUS
HUS,OBU
BDL,HVN
HVN,ILG
HVN,ILM
HVN,IND
HVN,JAX
HVN,LAL
HVN,MCO
HVN,MTP
HVN,MYR
HVN,NYS
HVN,ORD
HVN,ORF
HVN,PBI
HVN,RDU
HVN,RIC
HVN,RSW
HVN,SAV
HVN,SJU
HVN,SRQ
HVN,TPA
HVN,TYS
HVN,USA
HVN,ZXU
HWD,SUN
AVP,HYA
BED,HYA
HYA,ISP
HYA,JFK
HYA,LGA
HYA,MVY
HYA,ORD
HYA,PHL
HYA,TEB
HYA,WAR
HYG,KTB
HYG,KXA
HYG,WFB
IAB,PAE
ACK,IAD
AEX,IAD
AGS,IAD
ART,IAD
BFI,IAD
BKL,IAD
COS,IAD
DAB,IAD
GRR,IAD
IAD,IAH
IAD,ILN
IAD,IND
IAD,IPT
IAD,ITH
IAD,JAX
IAD,JFK
IAD,JST
IAD,JZI
IAD,LAS
IAD,LAX
IAD,LGA
IAD,LNS
IAD,LYH
IAD,MA1
IAD,MCI
IAD,MCN
IAD,MCO
IAD,MDT
IAD,MDW
IAD,MEM
IAD,MGW
IAD,MHT
IAD,MIA
IAD,MKC
IAD,MKE
IAD,MLI
IAD,MOB
IAD,MQY
IAD,MSP
IAD,MSY
IAD,MVY
IAD,MYR
IAD,OAK
IAD,OGS
IAD,ORD
IAD,ORF
IAD,ORL
IAD,PA2
IAD,PBG
IAD,PDX
IAD,PGD
IAD,PHL
IAD,PHX
IAD,PIE
IAD,PIT
IAD,PVD
IAD,PVU
IAD,PWM
IAD,RAP
IAD,RDU
IAD,RFD
IAD,RIC
IAD,ROA
IAD,ROC
IAD,RSW
IAD,RYE
IAD,SAN
IAD,SAT
IAD,SAV
IAD,SBN
IAD,SCE
IAD,SDF
IAD,SEA
IAD,SFM
IAD,SFO
IAD,SJU
IAD,SLC
IAD,SMF
IAD,SRQ
IAD,STL
IAD,STT
IAD,SUN
IAD,SYR
IAD,TEB
IAD,TMB
IAD,TPA
IAD,TRI
IAD,TVC
IAD,TYS
IAD,UGN
IAD,VPS
IAD,VRB
HTO,IAG
IAG,LRD
IAG,MYR
IAG,PGD
IAG,PIE
IAG,YIP
CID,IAH
IAH,ICT
IAH,ILN
IAH,IND
IAH,JAC
IAH,JAN
IAH,JAX
IAH,JFK
IAH,LAL
IAH,LAS
IAH,LAX
IAH,LBB
IAH,LCH
IAH,LFT
IAH,LGA
IAH,LIT
IAH,LRD
IAH,MAF
IAH,MCI
IAH,MCO
IAH,MDW
IAH,MEI
IAH,MEM
IAH,MFE
IAH,MGM
IAH,MIA
IAH,MKC
IAH,MKE
IAH,MOB
IAH,MOT
IAH,MSP
IAH,MSY
IAH,MTJ
IAH,OKC
IAH,OMA
IAH,ONT
IAH,OPF
IAH,ORD
IAH,ORF
IAH,PAH
IAH,PBI
IAH,PDX
IAH,PHL
IAH,PHX
IAH,PIB
IAH,PIT
IAH,PNS
IAH,PSM
IAH,PSP
IAH,PWM
IAH,RAP
IAH,RDU
IAH,RFD
IAH,RIC
IAH,RNO
IAH,ROW
IAH,RSW
IAH,SAN
IAH,SAT
IAH,SAV
IAH,SBD
IAH,SDF
IAH,SEA
IAH,SFO
IAH,SGF
IAH,SHV
IAH,SJC
IAH,SJU
IAH,SLC
IAH,SLN
IAH,SMF
IAH,SNA
IAH,STL
IAH,STT
IAH,SYR
IAH,TPA
IAH,TUL
IAH,TUS
IAH,TVC
IAH,TYS
IAH,VCT
IAH,XNA
IAN,ORV
IAN,OTZ
IAN,RDB
IAN,SHG
IAN,WLK
ABQ,ICT
ATW,ICT
AUS,ICT
BFF,ICT
DDC,ICT
DTW,ICT
GRI,ICT
HSV,ICT
ICT,LAS
ICT,LNK
ICT,MCO
ICT,MDW
ICT,MEM
ICT,MIA
ICT,MKE
ICT,MSP
ICT,OKC
ICT,ORD
ICT,PAE
ICT,PHX
ICT,PIA
ICT,PIE
ICT,RIC
ICT,RNO
ICT,SAT
ICT,SBN
ICT,SDF
ICT,SEA
ICT,SFB
ICT,SLN
ICT,TUL
ICT,VPS
ICT,XNA
BFF,IDA
COS,IDA
CVG,IDA
HDN,IDA
IDA,JAC
IDA,LAS
IDA,LNK
IDA,MKE
IDA,ORD
IDA,PDX
IDA,PHX
IDA,SEA
IDA,SLC
IDA,SNA
IDA,SPS
BMI,IFP
GEG,IFP
IFP,LAS
IFP,MOT
IFP,MSP
IFP,OKC
IFP,OMA
IFP,ONT
IFP,PSC
IFP,RNO
IFP,SAT
IFP,SFO
IFP,SMX
IFP,TUS
IGG,KLL
IGM,RNO
BNA,IKK
IKK,MDW
IKK,PNE
ILG,ILM
ILG,LAL
ILG,MCO
ILG,MYR
ILG,NPT
ILG,ORF
ILG,PHF
ILG,RSW
ILG,SJU
ILG,SRQ
ILG,TPA
ILI,PTH
CHA,ILM
HPN,ILM
ILM,ILN
ILM,ISP
ILM,LGA
ILM,LIT
ILM,MCO
ILM,MEM
ILM,MIA
ILM,MSP
ILM,MSY
ILM,MYR
ILM,N2C
ILM,ORD
ILM,PHL
ILM,PIT
ILM,PVD
ILM,RDU
ILM,ROC
ILM,RSW
ILM,SAV
ILM,TPA
ATL,ILN
DEN,ILN
ILN,JFK
ILN,ONT
ILN,RIC
ILN,SBD
IMT,MKE
IMT,MSP
IN2,SRQ
AEX,IND
AMA,IND
BDL,IND
CHA,IND
GPT,IND
HPN,IND
HSV,IND
ICT,IND
IFP,IND
ILN,IND
IND,JAX
IND,JFK
IND,LAS
IND,LAX
IND,LCK
IND,LGA
IND,LRD
IND,MCI
IND,MCO
IND,MDW
IND,MEM
IND,MIA
IND,MSP
IND,MSY
IND,MYR
IND,OAK
IND,OKC
IND,ONT
IND,ORD
IND,PDX
IND,PGD
IND,PHL
IND,PHX
IND,PIE
IND,PIT
IND,PTK
IND,PVD
IND,RDU
IND,RIC
IND,RSW
IND,SAN
IND,SAT
IND,SAV
IND,SBN
IND,SDF
IND,SEA
IND,SFB
IND,SFO
IND,SJC
IND,SJU
IND,SLC
IND,SRQ
IND,STL
IND,SWF
IND,SYR
IND,TPA
IND,TYS
IND,USA
IND,VPS
IND,YIP
INL,MSP
IPL,LAX
IPL,PHX
IPL,SAN
IRK,MWA
IRK,ORD
IRK,OWB
IRK,PGA
IRK,TBN
ACY,ISP
ISP,JAX
ISP,LGA
ISP,MCO
ISP,MYR
ISP,ORF
ISP,PBI
ISP,RDU
ISP,RIC
ISP,RSW
ISP,TPA
ISP,TTN
ISP,USA
ISP,VRB
ITH,JFK
ITH,OSU
ITH,TEB
ITO,KOA
ITO,OGG
IWD,MSP
IWD,ORD
IYK,ONT
BFF,JAC
COS,JAC
IND,JAC
JAC,JFK
JAC,LAX
JAC,MSN
JAC,MSP
JAC,ORD
JAC,PDX
JAC,SAN
JAC,SEA
JAC,SFO
JAC,SLC
BHM,JAN
JAN,LFT
JAN,MIA
JAN,MSY
JAN,SDF
JAN,SHV
AFW,JAX
ALB,JAX
FLO,JAX
GRK,JAX
ICT,JAX
JAX,JFK
JAX,LAS
JAX,LAX
JAX,LGA
JAX,LRD
JAX,MCO
JAX,MDT
JAX,MDW
JAX,MEM
JAX,MIA
JAX,MQY
JAX,MSP
JAX,MYR
JAX,ORD
JAX,ORF
JAX,PAE
JAX,PHL
JAX,PHX
JAX,PIT
JAX,PNS
JAX,PVD
JAX,RDU
JAX,RIC
JAX,RSW
JAX,SAN
JAX,SCE
JAX,SDF
JAX,SJU
JAX,SLC
JAX,STL
JAX,TPA
JAX,TYS
JAX,VCV
JAX,YIP
JBR,STL
ALB,JFK
CT7,JFK
ECP,JFK
GFL,JFK
GON,JFK
HOU,JFK
HSV,JFK
ICT,JFK
JFK,LAS
JFK,LAX
JFK,LGA
JFK,MCI
JFK,MCO
JFK,MDW
JFK,MEM
JFK,MIA
JFK,MKE
JFK,MSP
JFK,MSY
JFK,MVY
JFK,OKC
JFK,ONT
JFK,ORD
JFK,ORF
JFK,PBI
JFK,PDX
JFK,PHX
JFK,PIT
JFK,POU
JFK,PVD
JFK,PWM
JFK,RDU
JFK,RFD
JFK,RIC
JFK,RNO
JFK,ROA
JFK,ROC
JFK,RSW
JFK,SAN
JFK,SAT
JFK,SAV
JFK,SDF
JFK,SEA
JFK,SFO
JFK,SJU
JFK,SLC
JFK,SLK
JFK,SMF
JFK,SNA
JFK,SOP
JFK,SRQ
JFK,STL
JFK,STT
JFK,SUS
JFK,SYR
JFK,TPA
JFK,TUL
JFK,VPS
JFK,VRB
BOS,JHW
FID,JHW
JHW,TEB
COS,JLN
JLN,ORD
JMS,MKE
CDV,JNU
JNU,KAE
JNU,KLW
JNU,KTN
JNU,PBK
JNU,PEC
JNU,PSG
JNU,SEA
JNU,SGY
JNU,SIT
JNU,TEK
JNU,TKE
JNU,WRG
JNU,YAK
JRA,TEB
JRV,SIG
JRV,STT
JST,LNS
JST,ORD
JST,PLN
JST,SBN
ESN,JZB
AUO,JZI
BKL,JZI
DSI,JZI
JZI,PDK
JZI,PIT
JZI,SRQ
JZI,TTN
AGN,KAE
KAE,KLW
KAE,KTN
KAE,SIT
KAL,MNT
KAL,NUL
KBC,WBQ
KCC,KTB
KCC,PPV
KCC,WFB
KCC,WWP
KCG,KCL
KCG,KCQ
KCG,KPV
KCG,PTH
DLG,KCL
KCL,KCQ
KCL,KPV
KCL,PTH
KCL,UGS
KCQ,KPV
KCQ,PTH
KEH,LKE
KEH,RCE
KEH,RSJ
KEH,TIW
KEH,WSX
KEK,KGK
KEK,KNW
KGK,KLL
KGK,KNW
KGX,RSH
KGX,SHX
KGX,TCT
KGX,UNK
KKA,OME
KKA,SKK
KKA,UNK
KKA,WMO
KKB,KOZ
KKB,SYB
AKN,KKH
HCR,KKH
KKH,KPN
KKH,KWK
KKH,KWN
KKH,TNK
KKH,WTL
KKH,WWT
ANI,KKI
EMK,KKI
KKI,KWT
KKI,MLL
KKI,PKA
KKI,TLT
KKI,WNA
AKI,KLG
ANC,KLG
KLG,KSM
KLG,MLL
KLG,RSH
KLG,SLQ
AKK,KLN
KLN,KOZ
KLN,KYK
KLN,ORI
KLW,KTN
KLW,SIT
BET,KMO
KEK,KMO
KMO,KNW
KMO,TOG
KMO,TWA
KMY,KOY
KOA,LAS
KOA,LAX
KOA,LIH
KOA,LNY
KOA,MUE
KOA,OAK
KOA,OGG
KOA,ONT
KOA,PDX
KOA,PHX
KOA,SAN
KOA,SBD
KOA,SEA
KOA,SFO
KOA,SJC
KOA,SMF
KOT,KSM
KOT,OME
KOT,PQS
KOT,SXP
KOT,UNK
ALZ,KOY
DGB,KOZ
KOZ,ORI
KPB,WFB
ANI,KPN
KMO,KPN
KPN,KWK
KPN,WTL
KPR,SYB
CDB,KPV
KPV,PTH
AOS,KPY
KPY,UGI
FAI,KSM
KGX,KSM
KSM,MLL
KSM,MOU
KSM,PQS
CGA,KTB
KTB,WFB
BIL,KTN
KTN,PSG
KTN,SEA
KTN,SIT
KTN,WRG
KTS,OME
KTS,TLA
KTS,WAA
ANI,KUK
EMK,KUK
HPB,KUK
KSM,KUK
KUK,NUP
KUK,OOK
KUK,WNA
KVL,OTZ
KVL,PHO
KVL,RDB
KVL,WTK
KWK,WTL
ANC,KWN
ANI,KWN
KWK,KWN
KWN,KWT
KWN,OOK
KWN,PTU
KWN,WTL
KWN,WWT
KPY,KWP
KWP,UGI
ANI,KWT
EMK,KWT
KLG,KWT
KUK,KWT
KWT,NUP
KWT,PKA
KWT,RSH
KWT,TLT
KWT,WTL
KWT,ZNC
KXA,WFB
KYK,ORI
KAL,KYU
KYU,NUL
KWP,KZB
LAF,ORD
LAF,PLN
AVL,LAL
BED,LAL
LAL,MCI
LAL,MIA
LAL,PIT
LAL,RFD
LAL,RIV
LAL,ROC
LAL,SJU
LAL,TOL
LAL,USA
CLE,LAN
DFW,LAN
LAN,MCO
LAN,ORD
LAN,PHL
LAN,RFD
LAN,SDF
AZA,LAS
EWN,LAS
GSP,LAS
LAS,LAX
LAS,LBB
LAS,LEX
LAS,LGB
LAS,LIH
LAS,LIT
LAS,LNK
LAS,LRD
LAS,MAF
LAS,MCE
LAS,MCI
LAS,MCO
LAS,MDW
LAS,MEM
LAS,MFE
LAS,MFR
LAS,MIA
LAS,MKE
LAS,MLI
LAS,MOT
LAS,MRY
LAS,MSN
LAS,MSO
LAS,MSP
LAS,MSY
LAS,OAK
LAS,OGG
LAS,OKC
LAS,OMA
LAS,ONT
LAS,ORD
LAS,ORF
LAS,PAE
LAS,PDX
LAS,PHL
LAS,PHX
LAS,PIA
LAS,PIT
LAS,PSC
LAS,PSP
LAS,PVU
LAS,RAP
LAS,RDM
LAS,RDU
LAS,RFD
LAS,RIC
LAS,RNO
LAS,RSW
LAS,SAF
LAS,SAN
LAS,SAT
LAS,SBA
LAS,SBN
LAS,SCF
LAS,SCK
LAS,SDF
LAS,SEA
LAS,SFB
LAS,SFO
LAS,SGF
LAS,SGU
LAS,SHV
LAS,SJC
LAS,SLC
LAS,SMF
LAS,SMO
LAS,SMX
LAS,SNA
LAS,STL
LAS,STS
LAS,SYR
LAS,TEB
LAS,TPA
LAS,TUL
LAS,TUS
LAS,TWF
LAS,TYS
LAS,VPS
LAS,XNA
ABI,LAX
AEX,LAX
BDL,LAX
BTR,LAX
BUR,LAX
COS,LAX
GUM,LAX
HSV,LAX
IDA,LAX
JAN,LAX
LAN,LAX
LAX,LBB
LAX,LGB
LAX,LIH
LAX,MCI
LAX,MCO
LAX,MDT
LAX,MDW
LAX,MEM
LAX,MFR
LAX,MIA
LAX,MKE
LAX,MRY
LAX,MSN
LAX,MSO
LAX,MSP
LAX,MSY
LAX,MTJ
LAX,OAK
LAX,OGG
LAX,OKC
LAX,OMA
LAX,ORD
LAX,ORF
LAX,PAE
LAX,PDX
LAX,PHL
LAX,PHX
LAX,PIE
LAX,PIT
LAX,PRC
LAX,PSC
LAX,PSP
LAX,PUB
LAX,PVD
LAX,PWM
LAX,RDD
LAX,RDM
LAX,RDU
LAX,RIC
LAX,RNO
LAX,ROW
LAX,RSW
LAX,SAF
LAX,SAN
LAX,SAT
LAX,SBA
LAX,SBD
LAX,SBP
LAX,SCF
LAX,SDF
LAX,SEA
LAX,SFO
LAX,SGU
LAX,SJC
LAX,SLC
LAX,SMF
LAX,SNA
LAX,STL
LAX,STS
LAX,SUN
LAX,TPA
LAX,TUL
LAX,TUS
LAX,XNA
ELP,LBB
HOB,LBB
IND,LBB
LBB,MAF
LBB,MEM
LBB,PHX
LBB,SDF
LBB,SJC
LBB,SJT
LBE,MYR
LBF,OMA
BHB,LCI
LCI,LEB
LCI,MVY
LCI,TEB
CVG,LCK
IAH,LCK
JFK,LCK
LAX,LCK
LCK,MEM
LCK,MYR
LCK,ORD
LCK,PGD
LCK,PIE
LCK,SAV
LCK,SDF
LCK,SFB
LCK,SRQ
LCK,VPS
LCK,YIP
HRL,LCQ
LCQ,MCI
IAD,LEB
LEB,MQY
LEB,OGS
CVG,LEX
FSD,LEX
LEX,LGA
LEX,MSP
LEX,MYR
LEX,ORD
LEX,PGD
LEX,PHL
LEX,PIE
LEX,SDF
LEX,SFB
LEX,SRQ
LEX,VPS
LEX,YIP
AEX,LFT
BTR,LFT
LFT,MEM
LFT,MGM
LFT,MSY
LFT,SDF
LFT,SHV
ACT,LGA
AGS,LGA
AMA,LGA
AUS,LGA
COS,LGA
CYS,LGA
DLH,LGA
GRB,LGA
LCH,LGA
LGA,LIT
LGA,MCI
LGA,MCO
LGA,MDW
LGA,MEM
LGA,MIA
LGA,MKE
LGA,MLB
LGA,MSN
LGA,MSP
LGA,MSY
LGA,MVY
LGA,MYR
LGA,OKC
LGA,OMA
LGA,ORD
LGA,ORF
LGA,ORH
LGA,PBI
LGA,PHL
LGA,PIT
LGA,PNS
LGA,PTK
LGA,PWM
LGA,RAP
LGA,RDU
LGA,RIC
LGA,ROA
LGA,ROC
LGA,RSW
LGA,SAV
LGA,SDF
LGA,SHV
LGA,SRQ
LGA,STL
LGA,SYR
LGA,TPA
LGA,TUL
LGA,TVC
LGA,TYS
LGA,VPS
LGA,XNA
BFI,LGB
BWI,LGB
HRL,LGB
LBB,LGB
LGB,MDW
LGB,OAK
LGB,OGG
LGB,OKC
LGB,PHX
LGB,RFD
LGB,RNO
LGB,SDF
LGB,SJC
LGB,SLC
LGB,SMF
LGB,STL
LIH,LNY
LIH,OAK
LIH,OGG
LIH,ONT
LIH,PDX
LIH,PHX
LIH,SAN
LIH,SBD
LIH,SEA
LIH,SFO
LIH,SJC
LIH,SMF
ABI,LIT
ABQ,LIT
BHM,LIT
GJT,LIT
GRB,LIT
LIT,LRD
LIT,MAF
LIT,MCO
LIT,MEM
LIT,MIA
LIT,MKE
LIT,ORD
LIT,PHX
LIT,PIE
LIT,SDF
LIT,SFB
LIT,SHV
LIT,SLC
LIT,VPS
LKE,RCE
LKE,RSJ
LKE,WSX
LKK,RBH
BED,LKP
LKP,TEB
LMA,MCG
LMA,NIB
LMA,TAL
LMT,PDX
LMT,RDM
ABI,LNK
CRW,LNK
EVV,LNK
LNK,MCI
LNK,MCO
LNK,MKE
LNK,ORD
LNK,RNO
LNK,ROA
LNK,SYR
LNK,TUP
FNT,LNS
LNS,MCO
LNS,ORD
LNS,PIT
LNY,MKK
LNY,OGG
LPS,PAE
ABI,LRD
BRO,LRD
DRT,LRD
EAU,LRD
ELP,LRD
GDC,LRD
LBB,LRD
LCK,LRD
LEX,LRD
LRD,MCI
LRD,MEM
LRD,MFE
LRD,MRC
LRD,PHX
LRD,PTK
LRD,RFD
LRD,RIC
LRD,SAT
LRD,SDF
LRD,SHV
LRD,TCL
LRD,TUS
LRD,YIP
GRB,LSE
LSE,ORD
LSE,SFB
HRL,LSF
HPN,LUK
LUK,MMU
LUP,MKK
LUR,OTZ
LUR,PHO
DTW,LWB
JAX,LWB
LWB,ORD
LWB,PHL
LWB,SRQ
LWB,TMA
LWS,SEA
LWS,SLC
LYH,ORD
LYH,SBN
M91,MQY
JFK,MA2
MA4,RUT
MA4,TEB
GJT,MAF
MAF,MFE
MAF,MSY
MAF,PHX
MAF,PVU
MAF,SAT
MAF,TN8
MAZ,SJU
MBL,MQY
MBL,ORD
MBL,PBG
GRR,MBS
LNK,MBS
MBS,ORD
MBS,TYS
CEC,MCE
ENN,MCG
GAL,MCG
KAL,MCG
MCG,MRI
MCG,NIB
MCG,SHX
MCG,TCT
MCG,UNK
ADW,MCI
AFW,MCI
BUF,MCI
DRT,MCI
FWA,MCI
GJT,MCI
GRI,MCI
HRL,MCI
ICT,MCI
LBB,MCI
MCI,MCO
MCI,MDW
MCI,MEM
MCI,MIA
MCI,MKE
MCI,MSP
MCI,MSY
MCI,MYR
MCI,OKC
MCI,OMA
MCI,ORD
MCI,ORF
MCI,PDX
MCI,PGD
MCI,PHL
MCI,PHX
MCI,PIE
MCI,PIT
MCI,PNS
MCI,RAP
MCI,RDU
MCI,RFD
MCI,RSW
MCI,SAN
MCI,SAT
MCI,SAV
MCI,SDF
MCI,SEA
MCI,SFO
MCI,SGF
MCI,SLC
MCI,SMF
MCI,SRQ
MCI,STL
MCI,SWF
MCI,TPA
MCI,TUL
MCI,VPS
MCI,YIP
MCK,OMA
ACY,MCN
AOO,MCN
MCN,MQY
MCN,OKC
MCN,SEA
MCN,SUA
AGS,MCO
AMA,MCO
BTR,MCO
LFT,MCO
MCO,MDT
MCO,MDW
MCO,MEM
MCO,MHT
MCO,MIA
MCO,MKE
MCO,MSN
MCO,MSP
MCO,MSY
MCO,MWA
MCO,MYR
MCO,OKC
MCO,OMA
MCO,ORD
MCO,ORF
MCO,ORH
MCO,PBI
MCO,PDX
MCO,PHL
MCO,PHX
MCO,PIT
MCO,PNS
MCO,PSE
MCO,PSM
MCO,PVD
MCO,PVU
MCO,PWM
MCO,RDU
MCO,RFD
MCO,RIC
MCO,ROC
MCO,RSW
MCO,SAN
MCO,SAT
MCO,SBN
MCO,SBY
MCO,SDF
MCO,SEA
MCO,SFO
MCO,SGF
MCO,SJU
MCO,SLC
MCO,SMF
MCO,SNA
MCO,SPI
MCO,SRQ
MCO,STL
MCO,STT
MCO,SWF
MCO,SYR
MCO,TLH
MCO,TN8
MCO,TPA
MCO,TRI
MCO,TTN
MCO,TUL
MCO,TYS
MCO,XNA
CMX,MCW
MCW,ORD
ADW,MDT
DCA,MDT
EWR,MDT
FAY,MDT
GSO,MDT
IND,MDT
JFK,MDT
LGA,MDT
LNS,MDT
MDT,MEM
MDT,MYR
MDT,ORD
MDT,PGD
MDT,PHL
MDT,PIE
MDT,PIT
MDT,RDU
MDT,RFD
MDT,SAT
MDT,SBN
MDT,SDF
MDT,SFB
MDT,SRQ
MDT,TYS
ABE,MDW
EWR,MDW
FWA,MDW
IN2,MDW
MDW,MEM
MDW,MHT
MDW,MIA
MDW,MKE
MDW,MSP
MDW,MSY
MDW,MYR
MDW,OAK
MDW,OKC
MDW,OMA
MDW,ONT
MDW,ORD
MDW,ORF
MDW,PDK
MDW,PDX
MDW,PGD
MDW,PHL
MDW,PHX
MDW,PIT
MDW,PNS
MDW,PVD
MDW,PVU
MDW,PWM
MDW,RDU
MDW,RIC
MDW,RIL
MDW,RNO
MDW,ROC
MDW,RSW
MDW,SAN
MDW,SAT
MDW,SAV
MDW,SDF
MDW,SEA
MDW,SFO
MDW,SJC
MDW,SJU
MDW,SLC
MDW,SMF
MDW,SRQ
MDW,STL
MDW,TEB
MDW,TOL
MDW,TPA
MDW,TUL
MDW,TUS
MDW,TYS
MDW,UGN
MDW,UST
MDW,VPS
AEX,MEM
BOI,MEM
CHS,MEM
COU,MEM
EVV,MEM
JAN,MEM
MEM,MGM
MEM,MHT
MEM,MIA
MEM,MKE
MEM,MLU
MEM,MQY
MEM,MSN
MEM,MSP
MEM,MSY
MEM,OAK
MEM,OKC
MEM,OMA
MEM,ONT
MEM,ORD
MEM,ORF
MEM,PBI
MEM,PDX
MEM,PHL
MEM,PHX
MEM,PIE
MEM,PIT
MEM,PNS
MEM,PVD
MEM,PWM
MEM,RDU
MEM,RFD
MEM,RIC
MEM,RNO
MEM,ROA
MEM,ROC
MEM,RST
MEM,RSW
MEM,SAN
MEM,SAT
MEM,SAV
MEM,SBN
MEM,SDF
MEM,SEA
MEM,SFB
MEM,SFO
MEM,SGF
MEM,SHV
MEM,SJC
MEM,SJU
MEM,SLC
MEM,SMF
MEM,SPS
MEM,STL
MEM,SWF
MEM,SYR
MEM,TLH
MEM,TPA
MEM,TUL
MEM,TUS
MEM,TYS
MEM,VPS
MEM,YIP
MEO,ORF
CRP,MFE
MFE,PHX
MFE,PTK
MFE,SAT
MFE,SDF
MFE,SFB
ACV,MFR
MFR,MTJ
MFR,PDX
MFR,PHX
MFR,SAN
MFR,SEA
MFR,SFO
MFR,SLC
MFR,SNA
JAN,MGM
MGM,MSP
MGM,OMA
MGM,ORF
MGM,PNS
MGM,TLH
LNS,MGW
MGW,ORD
MGW,SLN
ABI,MHK
MHK,ORD
DFW,MHR
MHR,ONT
MHR,RNO
MHR,SDF
BGR,MHT
DSM,MHT
EWR,MHT
IAH,MHT
MHT,MYR
MHT,OAJ
MHT,ORD
MHT,PHL
MHT,RDU
MHT,RFD
MHT,RSW
MHT,SDF
MHT,TPA
LUK,MI3
AZ9,MIA
AZA,MIA
BQN,MIA
CPS,MIA
FAY,MIA
LCK,MIA
MIA,MKE
MIA,MSN
MIA,MSP
MIA,MSY
MIA,MYR
MIA,OKC
MIA,OMA
MIA,OPF
MIA,ORD
MIA,ORF
MIA,PBI
MIA,PHL
MIA,PHX
MIA,PIE
MIA,PIT
MIA,PNS
MIA,POB
MIA,RDU
MIA,RFD
MIA,RIC
MIA,SAN
MIA,SAT
MIA,SAV
MIA,SDF
MIA,SEA
MIA,SFO
MIA,SGF
MIA,SJU
MIA,SLC
MIA,SRQ
MIA,STL
MIA,STT
MIA,STX
MIA,TLH
MIA,TPA
MIA,TUL
MIA,TYS
MIA,VPS
MIA,VRB
MIA,XNA
MIA,YNG
CLL,MKC
CVG,MKC
MDW,MKC
MKC,MSP
MKC,RSW
MKC,SBA
MKC,SJC
ALB,MKE
BED,MKE
COS,MKE
CRW,MKE
DAY,MKE
DSM,MKE
FNT,MKE
HPN,MKE
LYH,MKE
MKE,MQT
MKE,MSN
MKE,MSP
MKE,ORD
MKE,PHL
MKE,PHX
MKE,PIT
MKE,PVD
MKE,RDM
MKE,RIC
MKE,RNO
MKE,RSW
MKE,SAN
MKE,SBN
MKE,SCE
MKE,SDF
MKE,SEA
MKE,SFO
MKE,SLC
MKE,STL
MKE,SUX
MKE,TPA
MKE,TYS
MKE,YIP
MKG,ORD
MKK,OGG
MKL,ORD
ICT,MLB
MCO,MLB
MLB,PBI
MLB,PIT
AVL,MLI
CAK,MLI
FAY,MLI
MLI,MQY
MLI,MSP
MLI,ORD
MLI,PGD
MLI,PIE
MLI,SFB
AKI,MLL
ANI,MLL
ATT,MLL
EMK,MLL
KOT,MLL
MLL,MOU
MLL,NUP
MLL,PQS
MLL,RSH
MLL,TLT
MLL,TNK
MLL,UNK
MLL,WTL
LIT,MLU
MLU,ROW
MLU,TXK
KAL,MLY
MLY,MNT
MLY,RMP
BOS,MMU
CLT,MMU
IAD,MMU
MMU,MQY
MMU,MVY
MMU,NPT
MMU,PVD
MMU,RDU
MMU,SFM
MMU,VRB
MIV,MNZ
MNZ,RUT
MO1,ONT
BTR,MOB
CAE,MOB
FAY,MOB
HOU,MOB
JAN,MOB
BFF,MOT
MKE,MOT
MOT,MSP
MOT,XWA
MOU,PQS
MOU,RSH
MQT,MSP
MQT,ORD
AAF,MQY
BKL,MQY
COS,MQY
DEN,MQY
FOK,MQY
HPN,MQY
HYA,MQY
IKK,MQY
IRK,MQY
JZI,MQY
MCI,MQY
MDW,MQY
MQY,MTH
MQY,MWA
MQY,ORD
MQY,OWB
MQY,PDK
MQY,PKB
MQY,ROG
MQY,S24
MQY,SRQ
MQY,SSI
MQY,TYS
MQY,VA8
MQY,VWC
MQY,WGO
JAX,MRC
JNU,MRI
MRI,NCN
MRI,NIB
MRI,SKW
MRI,TCT
MRI,TEK
MRI,TYE
MRK,MTN
ILM,MRN
LIT,MRY
MRY,MSO
MRY,MSP
MRY,OAK
MRY,ORD
MRY,PHX
MRY,SAN
MRY,SAT
MRY,SEA
MRY,SFO
MRY,SLC
MRY,SNA
MRY,TEB
MCN,MSL
MSL,PNS
MSL,TUP
CMH,MSN
LSE,MSN
LUK,MSN
MDW,MSN
MSN,MSP
MSN,OKC
MSN,OLS
MSN,ORD
MSN,PHL
MSN,PHX
MSN,RDU
MSN,RHI
MSN,RNO
MSN,RST
MSN,RSW
MSN,TEB
MSN,TPA
AMA,MSO
APC,MSO
ICT,MSO
MSO,MSP
MSO,OKC
MSO,ORD
MSO,PDX
MSO,PTK
MSO,SAN
MSO,SEA
MSO,SFO
MSO,SLC
MSO,SNA
AZO,MSP
CHA,MSP
CPS,MSP
CRP,MSP
GPT,MSP
GSO,MSP
LNK,MSP
MAF,MSP
MSP,MSY
MSP,MYR
MSP,OAK
MSP,OKC
MSP,OMA
MSP,ORD
MSP,ORF
MSP,PAE
MSP,PDX
MSP,PHL
MSP,PHX
MSP,PIB
MSP,PIE
MSP,PIT
MSP,PSC
MSP,PSP
MSP,PTK
MSP,PVD
MSP,PWM
MSP,RAP
MSP,RDU
MSP,RFD
MSP,RHI
MSP,RIC
MSP,RNO
MSP,RST
MSP,RSW
MSP,SAN
MSP,SAT
MSP,SAV
MSP,SBD
MSP,SBN
MSP,SDF
MSP,SEA
MSP,SFO
MSP,SGF
MSP,SHV
MSP,SJC
MSP,SJU
MSP,SLC
MSP,SMF
MSP,SNA
MSP,SRQ
MSP,STL
MSP,SWF
MSP,SYR
MSP,TCL
MSP,TPA
MSP,TTN
MSP,TUL
MSP,TUP
MSP,TVC
MSP,TVF
MSP,TYS
MSP,VPS
MSP,XNA
MSP,XWA
AEX,MSY
AGS,MSY
BFM,MSY
CLE,MSY
FAY,MSY
GSO,MSY
GSP,MSY
ISP,MSY
LBB,MSY
MOB,MSY
MSY,MYR
MSY,ONT
MSY,OPF
MSY,ORD
MSY,ORF
MSY,PHL
MSY,PHX
MSY,PIA
MSY,RDU
MSY,RIC
MSY,RNO
MSY,ROA
MSY,SAN
MSY,SAT
MSY,SAV
MSY,SBD
MSY,SBN
MSY,SDF
MSY,SEA
MSY,SFO
MSY,SLC
MSY,SPS
MSY,STL
MSY,TPA
MSY,TUL
MSY,XNA
APF,MTH
BNA,MTH
MTH,VNC
MTH,VRB
AUS,MTJ
MTJ,OKC
MTJ,OMA
MTJ,ORD
MTJ,TUL
KTB,MTM
MTM,WFB
HTO,MTN
MTN,SWF
MTP,NYS
MTP,PNE
MTP,PSF
MTP,TEB
MTP,WST
IRC,MTX
MTX,PPC
MTX,TKA
MUE,OGG
MVW,SEA
BAF,MVY
GON,MVY
GSP,MVY
MVY,ORD
MVY,OWD
MVY,PHL
MVY,PVD
MVY,SAT
MVY,TEB
MVY,VWK
CGI,MWA
MWA,ORD
MWA,OWB
MWA,UIN
IAD,MWO
MYH,PGA
AGS,MYR
AUS,MYR
GNV,MYR
MEM,MYR
MKE,MYR
MYR,ORD
MYR,PHL
MYR,PIT
MYR,PVD
MYR,ROC
MYR,SDF
MYR,STL
MYR,SWF
MYR,SYR
MYR,TPA
ATT,MYU
MYU,NME
MYU,OOK
MYU,TNK
N4Y,TSS
ANC,NCN
NCN,TEK
NGU,RSW
MOU,NIB
NIB,TCT
NJ2,OXC
KCC,NKI
NKI,PPV
NKI,WFB
AEX,NKX
NKX,SVN
NLG,PML
NLG,SDP
KMO,NME
KPN,NME
NME,NUP
NME,OOK
NME,TNK
NME,VAK
NME,WWT
HVN,NPT
NPT,NYS
NPT,TEB
NTU,POB
CXF,NUI
NUI,SCC
MLY,NUL
NUL,RBY
HCR,NUP
KMO,NUP
KPN,NUP
KSM,NUP
NUP,PQS
NUP,WNA
NYL,PHX
3NY,NYS
ACK,NYS
FOK,NYS
OAJ,RDU
MCI,OAK
MKE,OAK
OAK,OGG
OAK,ONT
OAK,PDX
OAK,PHL
OAK,PHX
OAK,PSP
OAK,RFD
OAK,RNO
OAK,SAN
OAK,SBA
OAK,SBD
OAK,SDF
OAK,SEA
OAK,SJC
OAK,SLC
OAK,SNA
OAK,TEX
OAK,VIS
BTT,OBU
IAN,OBU
MLY,OBU
OBU,OTZ
OBU,SHG
OCE,THV
ELP,OFF
OGD,SNA
OGG,ONT
OGG,ORD
OGG,PDX
OGG,PHX
OGG,SAN
OGG,SEA
OGG,SFO
OGG,SJC
OGG,SLC
OGG,SMF
MDW,OGS
OGS,RDU
AMA,OKC
FNT,OKC
GNV,OKC
IAD,OKC
LEX,OKC
LRD,OKC
MDT,OKC
MKE,OKC
OKC,ORD
OKC,PHX
OKC,PIE
OKC,RAP
OKC,RDU
OKC,RNO
OKC,SAN
OKC,SBN
OKC,SDF
OKC,SEA
OKC,SFB
OKC,SLC
OKC,TCL
OKC,TUL
OKC,TUS
OKC,USA
OKC,VPS
ADS,OLS
BHM,OMA
CRP,OMA
CVG,OMA
DSM,OMA
GRR,OMA
GSO,OMA
HPN,OMA
HYS,OMA
ICT,OMA
JAC,OMA
LAL,OMA
LNK,OMA
MKE,OMA
MSN,OMA
OKC,OMA
OMA,OPF
OMA,ORD
OMA,PGD
OMA,PHL
OMA,PHX
OMA,PIA
OMA,PIE
OMA,PVD
OMA,RAP
OMA,RDU
OMA,RFD
OMA,SAN
OMA,SAT
OMA,SBN
OMA,SDF
OMA,SEA
OMA,SFB
OMA,SFO
OMA,SLC
OMA,STL
OMA,TN8
OMA,TPA
OMA,TUP
OMA,VPS
OMA,XNA
BET,OME
OME,OTZ
OME,SCC
OME,SHH
OME,SKK
OME,SMK
OME,SVA
OME,TLA
OME,TNC
OME,UNK
OME,WAA
OME,WBB
OME,WLK
OME,WMO
BDL,ONT
BHM,ONT
BIH,ONT
BIL,ONT
BOS,ONT
COS,ONT
DSM,ONT
EWR,ONT
GJT,ONT
GSO,ONT
LGB,ONT
MCO,ONT
MIA,ONT
OKC,ONT
ONT,ORD
ONT,PDX
ONT,PHL
ONT,PHX
ONT,PRC
ONT,RFD
ONT,SAN
ONT,SBA
ONT,SBD
ONT,SBP
ONT,SDF
ONT,SEA
ONT,SFO
ONT,SJC
ONT,SLC
ONT,SMF
ONT,SMX
ONT,SNA
ONT,STS
ONT,VCV
HPB,OOK
KKH,OOK
KPN,OOK
OOK,TNK
OOK,WWT
BUF,OPF
EYW,OPF
IAD,OPF
JAX,OPF
LSF,OPF
OPF,PHL
OPF,SJU
OPF,SRQ
OPF,TEB
OPF,TN8
OPF,VCV
BKW,ORD
CEC,ORD
GYY,ORD
INT,ORD
MAF,ORD
ORD,ORF
ORD,OWB
ORD,PAH
ORD,PBI
ORD,PDX
ORD,PHL
ORD,PHX
ORD,PIA
ORD,PIT
ORD,PLN
ORD,PNS
ORD,PVD
ORD,PWM
ORD,RAP
ORD,RDU
ORD,RFD
ORD,RHI
ORD,RIC
ORD,RNO
ORD,ROA
ORD,ROC
ORD,ROW
ORD,RST
ORD,RSW
ORD,SAF
ORD,SAN
ORD,SAT
ORD,SAV
ORD,SBA
ORD,SBN
ORD,SCE
ORD,SDF
ORD,SEA
ORD,SFO
ORD,SGF
ORD,SGU
ORD,SHD
ORD,SHV
ORD,SJC
ORD,SJU
ORD,SLC
ORD,SLN
ORD,SMF
ORD,SNA
ORD,SPI
ORD,SRQ
ORD,STL
ORD,STT
ORD,SUN
ORD,SUX
ORD,SYR
ORD,TEB
ORD,TPA
ORD,TRI
ORD,TUL
ORD,TUP
ORD,TUS
ORD,TVC
ORD,TYS
ORD,UIN
ORD,VPS
ORD,XNA
ABE,ORF
ABQ,ORF
AVL,ORF
CVG,ORF
DLH,ORF
FOK,ORF
ORF,PHL
ORF,PIT
ORF,PVD
ORF,PWM
ORF,RDU
ORF,RIC
ORF,RQH
ORF,RSW
ORF,SAN
ORF,SDF
ORF,SJU
ORF,STL
ORF,TPA
ORF,WWD
JAX,ORH
ORH,PHL
LAL,ORL
ORL,TLH
ORL,TYS
FAI,ORT
ORV,OTZ
ORV,RDB
ORV,WLK
ANC,OSC
HHH,OSU
MMU,OSU
BFI,OTH
OTH,RBG
OTH,SFO
OTH,SLE
BRW,OTZ
FAI,OTZ
GAL,OTZ
OTZ,PHO
OTZ,RDB
OTZ,SHG
OTZ,SHH
OTZ,WLK
OTZ,WTK
CGI,OWB
ELD,OWB
MBL,OWB
MCN,OWB
OWD,PA5
OWD,POU
OWD,TEB
OWD,WWD
OXC,TYS
P1A,TEB
P1A,VWK
AVL,PA2
81W,PAE
ALW,PAE
COE,PAE
DTW,PAE
FCA,PAE
LRD,PAE
MRY,PAE
OAK,PAE
PAE,PDX
PAE,PHX
PAE,RCE
PAE,RDM
PAE,SAN
PAE,SEA
PAE,SFO
PAE,SJC
PAE,SNA
PAE,STS
PAE,SUO
PAE,TIW
PAE,TWD
PAE,VNY
PAE,VWE
PAE,YIP
FOK,PBG
PBG,PIE
PBG,SFB
PBG,USA
AUS,PBI
BCT,PBI
BUF,PBI
FOK,PBI
GNV,PBI
IAD,PBI
JAX,PBI
MDT,PBI
MRK,PBI
MSY,PBI
MYR,PBI
PBI,PHL
PBI,PIT
PBI,PVD
PBI,RDU
PBI,RIC
PBI,RSW
PBI,SAV
PBI,SDF
PBI,SFZ
PBI,SHV
PBI,SRQ
PBI,TEB
PBI,TPA
ME2,PCT
CHO,PDK
GUF,PDK
IAD,PDK
ORF,PDK
PDK,PLN
PDK,RKD
PDK,RSW
PDK,SRQ
PDK,TN8
PDT,PDX
BHM,PDX
BMI,PDX
CHS,PDX
COS,PDX
GJT,PDX
ICT,PDX
OTH,PDX
PDX,PHL
PDX,PHX
PDX,PSC
PDX,PSP
PDX,PVU
PDX,RBG
PDX,RDM
PDX,RFD
PDX,RNO
PDX,SAN
PDX,SBA
PDX,SBD
PDX,SBP
PDX,SDF
PDX,SEA
PDX,SFO
PDX,SJC
PDX,SLC
PDX,SMF
PDX,SNA
PDX,STL
PDX,STS
PDX,TUL
PDX,TUS
MQY,PGA
PGA,PHX
PGA,UXR
ORF,PGD
PGD,PIA
PGD,PIT
PGD,PSM
PGD,PVD
PGD,RFD
PGD,SBN
PGD,SBY
PGD,SDF
PGD,SGF
PGD,SPI
PGD,SWF
PGD,TOL
PGD,TTN
PGD,TYS
PGD,USA
PGM,SOV
GSO,PGV
ESN,PHF
AGS,PHL
BOI,PHL
BQN,PHL
EWN,PHL
HDN,PHL
JFK,PHL
MMU,PHL
PHL,PHX
PHL,PIT
PHL,PNS
PHL,PTK
PHL,PVD
PHL,PWM
PHL,RDU
PHL,RFD
PHL,RIC
PHL,ROA
PHL,ROC
PHL,RSW
PHL,SAN
PHL,SAT
PHL,SAV
PHL,SBY
PHL,SCE
PHL,SDF
PHL,SEA
PHL,SFO
PHL,SJU
PHL,SLC
PHL,SRQ
PHL,STL
PHL,STT
PHL,SYR
PHL,TPA
PHL,TVC
PHL,TYS
PHL,VA4
PHL,VPS
PHL,WST
PHL,XNA
PHO,PIZ
PHO,SCC
PHO,WTK
CLL,PHX
CPS,PHX
GSP,PHX
ILN,PHX
MCE,PHX
MTJ,PHX
PHX,PIT
PHX,PRC
PHX,PSC
PHX,PSP
PHX,PVU
PHX,RAP
PHX,RDM
PHX,RDU
PHX,RFD
PHX,RNO
PHX,SAF
PHX,SAN
PHX,SAT
PHX,SBA
PHX,SBP
PHX,SCK
PHX,SDF
PHX,SEA
PHX,SFO
PHX,SGF
PHX,SGU
PHX,SJC
PHX,SLC
PHX,SMF
PHX,SNA
PHX,SOW
PHX,SRQ
PHX,STL
PHX,STS
PHX,SVC
PHX,TEX
PHX,TPA
PHX,TUL
PHX,TUS
PHX,TYS
PHX,VEL
PHX,XNA
PHX,YUM
GPT,PIA
LIT,PIA
PIA,PIE
PIA,RFD
PIA,SDF
PIA,SFB
PIA,SRQ
PIA,VPS
CHO,PIB
PIB,SDF
LGB,PIE
MKC,PIE
PHL,PIE
PIE,PIT
PIE,PSM
PIE,RFD
PIE,RIC
PIE,ROA
PIE,SBN
PIE,SDF
PIE,SGF
PIE,SWF
PIE,SYR
PIE,TOL
PIE,TRI
PIE,TTN
PIE,TUL
PIE,TVC
PIE,TYS
PIE,USA
PIE,VRB
PIE,XNA
PIH,SLC
PIP,PTH
PIP,UGS
PIR,RAP
BHM,PIT
BUF,PIT
CAE,PIT
CAK,PIT
CLE,PIT
ELP,PIT
LBB,PIT
MGW,PIT
MSY,PIT
OKC,PIT
PIT,PVD
PIT,PWM
PIT,RDU
PIT,RIC
PIT,RNO
PIT,ROA
PIT,ROC
PIT,RSW
PIT,SAN
PIT,SAV
PIT,SDF
PIT,SEA
PIT,SFB
PIT,SFO
PIT,SLC
PIT,SMF
PIT,SRQ
PIT,STL
PIT,TPA
PIT,TUL
PIT,VPS
PIT,XNA
AKI,PKA
PKA,WNA
PKA,WTL
IAD,PKB
APN,PLN
AVL,PLN
HOB,PLN
MKE,PLN
PIA,PLN
CDB,PML
KVC,PML
PNE,TEB
DSM,PNS
ILM,PNS
JAN,PNS
LNK,PNS
MKE,PNS
MOB,PNS
MSY,PNS
PNS,RDU
PNS,SAT
PNS,SDF
PNS,STL
PNS,TPA
PNS,XNA
PIT,POB
DE3,POU
PPV,WFB
HVN,PQI
PQI,PWM
ANI,PQS
PQS,SCM
GJT,PRC
BFF,PSC
GEG,PSC
PSC,SEA
PSC,SFO
PSC,SLC
PSC,SNA
BVY,PSF
BWI,PSF
CON,PSF
PHL,PSF
KAE,PSG
PSG,SEA
PSG,WRG
JFK,PSM
PSM,RDU
PSM,SFB
AUS,PSP
OKC,PSP
PSP,RNO
PSP,SAN
PSP,SAT
PSP,SEA
PSP,SFO
PSP,SJC
PSP,SLC
PSP,SMF
PTD,PTL
PTD,SIT
ANC,PTH
ATL,PTK
BKL,PTK
BLM,PTK
DTW,PTK
MIA,PTK
PTK,RWI
PTK,SDM
PTK,YIP
PTK,YUM
PTL,SIT
ANC,PTU
NME,PTU
PTU,ZNC
PUB,RNO
PUW,SEA
PVC,TEB
BDR,PVD
BLM,PVD
BVY,PVD
EVV,PVD
FWA,PVD
HPN,PVD
IAH,PVD
LGA,PVD
MSY,PVD
OKC,PVD
PVD,RDU
PVD,RIC
PVD,RSW
PVD,SAV
PVD,SBN
PVD,SDF
PVD,SJU
PVD,SRQ
PVD,TLH
PVD,TPA
PVD,VRB
ACT,PVU
GRK,PVU
IND,PVU
PVU,SBD
PVU,SFO
PVU,SNA
PVU,TPA
BFI,PWK
PWK,RSW
PWK,SWF
PWK,TEB
PWK,UGN
BDL,PWM
GSP,PWM
MVY,PWM
PWM,RDU
PWM,SFO
PWM,STL
PWM,TEB
PWM,TPA
ACK,PYM
HTO,PYM
PYM,TEB
QMA,SRQ
QMA,TEB
HTO,QMN
ABI,RAP
BFF,RAP
COS,RAP
LAW,RAP
MOT,RAP
RAP,SFB
CVO,RBG
MFR,RBG
MNT,RBY
HIO,RCE
RCE,RSJ
RCE,STS
RCE,WSX
ABL,RDB
OBU,RDB
RDB,WLK
RDB,WTK
GJT,RDD
RDD,SEA
RDD,SFO
RDD,SMF
BFF,RDM
BOI,RDM
COS,RDM
GJT,RDM
MWO,RDM
OMA,RDM
OTH,RDM
RDM,SAN
RDM,SEA
RDM,SFO
RDM,SLC
RDM,TIW
CHA,RDU
GRB,RDU
LCK,RDU
PGV,RDU
RDU,RIC
RDU,ROA
RDU,ROC
RDU,RSW
RDU,SAN
RDU,SAT
RDU,SDF
RDU,SEA
RDU,SFO
RDU,SJU
RDU,SLC
RDU,SNA
RDU,STL
RDU,SWF
RDU,SYR
RDU,TPA
RDU,VRB
RDV,SLQ
RDV,SRV
CLE,RFD
IFP,RFD
ILN,RFD
LAX,RFD
MHR,RFD
RFD,SAT
RFD,SBD
RFD,SCK
RFD,SDF
RFD,SEA
RFD,SFB
RFD,SMF
RFD,SRQ
RFD,STL
EGV,RHI
MKE,RHI
AZO,RIC
CAE,RIC
CDW,RIC
CID,RIC
LAL,RIC
LEX,RIC
OKC,RIC
PTK,RIC
RIC,RST
RIC,RSW
RIC,SAT
RIC,SDF
RIC,SFO
RIC,SJU
RIC,TPA
RIC,TUL
LAS,RIL
RIL,SAN
RIV,SVN
COD,RIW
FOK,RKD
BFF,RKS
ACK,RME
RMP,UTO
AMA,RNO
CVG,RNO
FAT,RNO
GJT,RNO
GRR,RNO
HDN,RNO
HHR,RNO
IND,RNO
ONT,RNO
RNO,SAN
RNO,SDF
RNO,SEA
RNO,SFO
RNO,SHV
RNO,SJC
RNO,SLC
RNO,SNA
RNO,STL
RNO,TUL
PAE,RNT
CLL,ROA
FWA,ROA
ROA,SAV
ROA,SDF
ROA,SFB
ROA,TYS
ABE,ROC
AGS,ROC
BUF,ROC
ERI,ROC
IND,ROC
NPT,ROC
ORF,ROC
ROC,SAV
ROC,SYR
ROC,TPA
ROC,USA
ROP,SPN
ROP,TIQ
DRO,ROW
ELP,ROW
FSD,ROW
LBB,ROW
ROW,SFO
ROW,SHV
KKH,RSH
PKA,RSH
RSJ,WSX
HSV,RST
MDW,RST
ABY,RSW
APF,RSW
AUS,RSW
BCT,RSW
ECP,RSW
EYW,RSW
FLL,RSW
MIA,RSW
OKC,RSW
PNS,RSW
RSW,SDF
RSW,STL
RSW,SYR
RSW,TPA
LRD,RWI
RYE,T6X
GA9,S24
MAF,SAA
SAD,SVC
COS,SAF
DAB,SAF
GRK,SAF
LBB,SAF
LNK,SAF
MCI,SAF
OKC,SAF
PSP,SAF
PUB,SAF
SAF,SWO
SAF,TUS
APA,SAN
BFF,SAN
BHM,SAN
CID,SAN
CLE,SAN
MAF,SAN
MSN,SAN
SAN,SAT
SAN,SBA
SAN,SBP
SAN,SDF
SAN,SEA
SAN,SFO
SAN,SJC
SAN,SLC
SAN,SMF
SAN,STL
SAN,STS
SAN,TPA
SAN,TUL
SAN,TUS
AEX,SAT
BHM,SAT
CHO,SAT
COS,SAT
CRP,SAT
FLL,SAT
LBB,SAT
MQY,SAT
MSN,SAT
OKC,SAT
ORF,SAT
SAT,SDF
SAT,SEA
SAT,SFO
SAT,SLC
SAT,STL
SAT,TEB
SAT,TPA
SAT,TUL
ABY,SAV
AUS,SAV
CHA,SAV
CHS,SAV
COI,SAV
FHB,SAV
JAX,SAV
MCO,SAV
ORF,SAV
SAV,SDF
SAV,STL
DAL,SBA
SAT,SBA
SBA,SEA
SBA,SFO
SBA,SJC
SBA,SLC
SBA,SMF
SBA,TUL
ABQ,SBD
AFW,SBD
BOI,SBD
BWI,SBD
IND,SBD
LAS,SBD
MEM,SBD
SBD,SDF
SBD,SEA
SBD,SFO
SBM,TEB
BPT,SBN
BUF,SBN
DLH,SBN
EAU,SBN
MDW,SBN
RSW,SBN
SBN,SDF
SBN,SFB
SBN,SLC
SBN,SRQ
SBN,STL
GJT,SBP
SAT,SBP
SBP,SEA
SBP,SFO
SBP,SMX
JZI,SBY
AIN,SCC
OPF,SCE
SBN,SCE
SCE,TYS
ASE,SCF
SCF,SMO
SCF,SNA
SCF,UGN
AFW,SCK
ONT,SCK
SCK,SEA
EMK,SCM
KSM,SCM
OOK,SCM
SCM,VAK
BQK,SDF
COS,SDF
CRP,SDF
FSM,SDF
FWA,SDF
HRL,SDF
ILN,SDF
PTK,SDF
SDF,SFB
SDF,SFO
SDF,SGF
SDF,SHV
SDF,SJC
SDF,SJU
SDF,SLC
SDF,SNA
SDF,SRQ
SDF,STL
SDF,SWF
SDF,SYR
SDF,TN8
SDF,TPA
SDF,TUL
SDF,TVC
SDF,TVF
SDF,TYS
SDF,VPS
SDF,YIP
AFW,SDM
ESD,SEA
FRD,SEA
GJT,SEA
ROW,SEA
SEA,SFO
SEA,SIT
SEA,SJC
SEA,SLC
SEA,SMF
SEA,SNA
SEA,STL
SEA,STS
SEA,SUN
SEA,TPA
SEA,TUL
SEA,TUS
SEA,YKM
FLL,SFB
MOT,SFB
MSP,SFB
RSW,SFB
SFB,SGF
SFB,SHV
SFB,SWF
SFB,SYR
SFB,TLH
SFB,TOL
SFB,TRI
SFB,TUL
SFB,TVC
SFB,TYS
SFB,USA
SFB,XNA
SFF,TIW
FID,SFM
MQY,SFM
AMA,SFO
BIS,SFO
CLL,SFO
COS,SFO
CPS,SFO
ELP,SFO
GRK,SFO
ILN,SFO
JAX,SFO
LGB,SFO
MAF,SFO
MCN,SFO
MDT,SFO
OKC,SFO
SFO,SLC
SFO,SMF
SFO,SNA
SFO,STL
SFO,SUN
SFO,TPA
SFO,TUS
SFO,XNA
ACK,SFZ
JFK,SFZ
PYM,SFZ
AEX,SGF
CAE,SGF
EAU,SGF
HRL,SGF
MRY,SGF
SGF,VPS
BFF,SGU
ELP,SGU
GJT,SGU
PUB,SGU
SGU,SLC
SGU,SPS
SGU,TUS
SGU,TWF
KTN,SGY
FWA,SHD
LEX,SHD
AIN,SHG
BTT,SHG
SHG,WLK
ANC,SHH
KTS,SHH
SHH,TLA
SHH,WAA
SHH,WBB
BFF,SHR
ACT,SHV
AEX,SHV
DAL,SHV
DRO,SHV
HOU,SHV
IDA,SHV
PVU,SHV
SHV,SJT
SHV,VPS
SHV,XNA
CHU,SHX
RSH,SHX
SIG,STX
HNH,SIT
MRI,SIT
BED,SJC
BHM,SJC
GJT,SJC
ICT,SJC
JAC,SJC
MIA,SJC
MRY,SJC
SFO,SJC
SJC,SLC
SJC,SNA
SJC,STL
SJC,VNY
ACT,SJT
SAF,SJT
SJT,SWO
AZA,SJU
CLE,SJU
DAB,SJU
HSV,SJU
SJU,STL
SJU,STT
SJU,STX
SJU,TPA
SJU,USA
SJU,VQS
SJU,XNA
OTZ,SKK
SKK,UNK
BFL,SLC
DRO,SLC
ECP,SLC
ICT,SLC
MSN,SLC
RAP,SLC
RDD,SLC
RFD,SLC
ROC,SLC
SLC,SMF
SLC,SNA
SLC,SPI
SLC,STL
SLC,SUN
SLC,TEB
SLC,TPA
SLC,TUL
SLC,TUS
SLC,TWF
SLC,VCV
SLC,WYS
SLC,XNA
PDX,SLE
PHL,SLK
COS,SLN
MKE,SLN
SLQ,SRV
CHS,SMF
CLE,SMF
COS,SMF
DSM,SMF
DTW,SMF
FAT,SMF
IND,SMF
MTJ,SMF
OKC,SMF
RNO,SMF
SAT,SMF
SBD,SMF
SCK,SMF
SJC,SMF
SMF,SNA
SMF,STL
SMF,UKI
BET,SMK
EMK,SMK
SMK,UNK
SMK,WBB
SAN,SMX
AMA,SNA
CLE,SNA
HPN,SNA
HSV,SNA
IND,SNA
MDW,SNA
MEM,SNA
MKE,SNA
MOB,SNA
MSN,SNA
PIT,SNA
RFD,SNA
SAT,SNA
SHV,SNA
SNA,STL
SNA,STS
SNP,STG
CMH,SPI
SPI,STL
SPN,TIQ
SQI,UGN
AGS,SRQ
AUO,SRQ
CHS,SRQ
EKY,SRQ
HYA,SRQ
M91,SRQ
MGM,SRQ
MKE,SRQ
RDU,SRQ
RSW,SRQ
SRQ,STL
SRQ,SYR
SRQ,TYS
SRQ,WWD
HHH,SSI
MEM,SSI
ANC,STG
DLG,STG
ATW,STL
BMI,STL
BUF,STL
COS,STL
COU,STL
CYS,STL
DAY,STL
GRB,STL
GRR,STL
ICT,STL
LRD,STL
MRY,STL
MSN,STL
OKC,STL
RIC,STL
SAA,STL
STL,TPA
STL,TYS
STL,VPS
ELP,STS
FMY,STS
LIT,STS
AUS,STT
CRP,STT
ORF,STT
RSW,STT
STT,STX
STT,TPA
BFF,SUN
SUN,VNY
ACY,SUS
CAK,SUX
ANC,SVA
LAL,SVN
SVS,WBQ
ACK,SWF
ALN,SWF
BUF,SWF
CLT,SWF
JAX,SWF
ORD,SWF
RIC,SWF
SLK,SWF
LBB,SWO
KSM,SXP
MOU,SXP
OME,SXP
SCM,SXP
BET,SXQ
EWR,SYR
GSO,SYR
HTO,SYR
ITH,SYR
LCK,SYR
OXC,SYR
SBN,SYR
SYR,TEB
SYR,TPA
SYR,TVC
SJT,T4X
T4X,TSM
RDU,T8X
GAL,TAL
KYU,TAL
RBY,TAL
ELD,TBN
AUO,TCL
EWR,TCL
GAD,TCL
JAX,TCL
OMA,TCL
GAL,TCT
LMA,TCT
OME,TCT
SHX,TCT
ALB,TEB
BGR,TEB
BID,TEB
BLM,TEB
BUF,TEB
BUR,TEB
CHS,TEB
CWA,TEB
ELM,TEB
FCA,TEB
ILG,TEB
LEB,TEB
LWB,TEB
MMU,TEB
MRN,TEB
MVL,TEB
NY7,TEB
PDK,TEB
PTK,TEB
RME,TEB
TEB,TSS
TEB,UBF
FAI,TEH
BFI,TIW
BYA,TKJ
DJN,TKJ
IRC,TKJ
ORT,TKJ
TEH,TKJ
TLA,WAA
BED,TLH
OKC,TLH
PNS,TLH
SRQ,TLH
TLH,TPA
RSH,TLT
TLT,ZNC
JAX,TMA
BMI,TMB
ECP,TMB
APF,TN8
CID,TN8
IAD,TN8
MKE,TN8
MQY,TN8
TN8,TRI
CHS,TN9
TNC,WAA
ANI,TNK
KWT,TNK
TNK,WWT
BET,TOG
GNU,TOG
TOG,TWA
DAY,TOL
DTW,TOL
LAS,TOL
TOL,UGN
AGS,TPA
COS,TPA
LCH,TPA
TN9,TPA
TPA,TTN
TPA,TYS
TPA,XNA
ACT,TRI
AVL,TRI
CHA,TRI
SHV,TRI
AHN,TTN
BWI,TTN
DEN,TTN
HYA,TTN
IAH,TTN
RIC,TTN
SAT,TTN
TTN,YNG
BOI,TUL
CRP,TUL
DSM,TUL
LIT,TUL
MHT,TUL
PIA,TUL
RDU,TUL
SBN,TUL
SHV,TUL
STL,TUL
TUL,VPS
MQY,TUP
PTK,TUP
AUS,TUS
BTM,TUS
CHS,TUS
FAT,TUS
GJT,TUS
IND,TUS
LNK,TUS
SAT,TUS
ICT,TVC
LNK,TVC
MDT,TVC
PLN,TVC
RST,TVC
SLC,TVC
FAR,TVF
MEM,TVF
BFI,TWD
AZA,TWF
BFI,TWF
SUN,TWF
ABI,TXK
AEX,TYS
AVL,TYS
BTV,TYS
COS,TYS
CRP,TYS
CVG,TYS
FAR,TYS
FWA,TYS
GPT,TYS
GRR,TYS
HTS,TYS
LCK,TYS
MAF,TYS
MLI,TYS
MMU,TYS
PVD,TYS
SAT,TYS
SAV,TYS
SBN,TYS
TYS,VPS
HFD,UBF
SFZ,UBF
KZB,UGI
OSU,UGN
TEB,UGN
DUT,UGS
SQI,UIN
FAI,UNK
UNK,WBB
UNK,WMO
1TX,USA
ATL,USA
IAD,USA
JZI,USA
OFF,USA
PHL,USA
BNA,UST
FAI,UTO
OAK,UXK
MIV,VA4
MMU,VA4
LCI,VA8
OCE,VA8
AUK,VAK
EMK,VAK
KLG,VAK
KSM,VAK
KWN,VAK
OOK,VAK
PQS,VAK
SXP,VAK
VAK,WWT
NKX,VCV
KBC,VEE
VEE,WBQ
CXF,VIK
SRQ,VNC
BIH,VNY
FRD,VNY
SAN,VNY
BHM,VPS
COS,VPS
GSO,VPS
VPS,XNA
MSP,VQQ
JRV,VQS
STT,VQS
FLL,VRB
MRK,VRB
MVY,VRB
ORF,VRB
1PA,VWK
EWN,W95
OTZ,WAA
ORL,WAR
ANI,WBB
BET,WBB
EMK,WBB
HCR,WBB
WFB,WMK
WFB,WWP
UIN,WGO
ANC,WLK
OBU,WLK
KXA,WMK
ANC,WMO
ATT,WNA
KWK,WNA
KWT,WNA
SCM,WNA
SEA,WRG
ORV,WTK
KKI,WTL
NUP,WTL
WNA,WTL
WTL,WWT
ANC,WWA
HPN,WWD
IAD,WWD
NKI,WWP
PPV,WWP
AKI,WWT
KSM,WWT
KWT,WWT
MYU,WWT
ABI,XNA
BOI,XNA
CLL,XNA
GRR,XNA
HRL,XNA
JAX,XNA
OAK,XNA
OKC,XNA
PVD,XNA
SGF,XNA
SJT,XNA
TUL,XNA
TYS,XNA
BFF,XWA
BIS,XWA
GJT,XWA
HOT,XXX
SEA,YAK
ELP,YIP
FSD,YIP
GSO,YIP
MLB,YIP
MSN,YIP
OSC,YIP
RFD,YIP
SDM,YIP
TOL,YIP
TTN,YIP
PSC,YKM
SGU,YKM
BED,YNG
BWI,YNG
EWR,YNG
IAH,YNG
RIC,YNG
YIP,YNG
LRD,YUM
MLL,ZNC
BID,ZXU
FOK,ZXU
